from_node,to_node,from_time,to_time,arc_capacity
1,1,5,6,20.000000
1,1,6,7,20.000000
1,1,7,8,20.000000
1,547,8,9,20.000000
10,10,6,7,20.000000
10,10,7,8,20.000000
10,556,8,9,20.000000
100,100,6,7,20.000000
100,100,7,8,20.000000
100,646,8,9,20.000000
1001,547,0,1,20.000000
1001,547,1,2,20.000000
1002,548,0,1,20.000000
1002,548,1,2,20.000000
1003,549,0,1,20.000000
1003,549,1,2,20.000000
1004,550,0,1,20.000000
1004,550,1,2,20.000000
1005,551,0,1,20.000000
1005,551,1,2,20.000000
1006,552,0,1,20.000000
1006,552,1,2,20.000000
1007,553,0,1,20.000000
1007,553,1,2,20.000000
1008,554,0,1,20.000000
1008,554,1,2,20.000000
1008,554,10,11,20.000000
1009,555,0,1,20.000000
1009,555,1,2,20.000000
101,101,7,8,20.000000
101,647,8,9,20.000000
1010,556,0,1,20.000000
1010,556,1,2,20.000000
1011,557,0,1,20.000000
1011,557,1,2,20.000000
1012,558,0,1,20.000000
1012,558,1,2,20.000000
1013,559,0,1,20.000000
1013,559,1,2,20.000000
1014,560,0,1,20.000000
1014,560,1,2,20.000000
1015,561,0,1,20.000000
1015,561,1,2,20.000000
1016,562,0,1,20.000000
1016,562,1,2,20.000000
1017,563,0,1,20.000000
1017,563,1,2,20.000000
1018,564,0,1,20.000000
1018,564,1,2,20.000000
1019,565,0,1,20.000000
1019,565,1,2,20.000000
102,102,5,6,20.000000
102,102,6,7,20.000000
102,102,7,8,20.000000
102,648,8,9,20.000000
1020,566,0,1,20.000000
1020,566,1,2,20.000000
1021,567,0,1,20.000000
1021,567,1,2,20.000000
1022,568,0,1,20.000000
1022,568,1,2,20.000000
1023,569,0,1,20.000000
1023,569,1,2,20.000000
1024,570,0,1,20.000000
1024,570,1,2,20.000000
1025,571,0,1,20.000000
1025,571,1,2,20.000000
1026,572,0,1,20.000000
1026,572,1,2,20.000000
1027,573,0,1,20.000000
1027,573,1,2,20.000000
1028,574,0,1,20.000000
1028,574,1,2,20.000000
1029,575,0,1,20.000000
1029,575,1,2,20.000000
103,103,6,7,20.000000
103,103,7,8,20.000000
103,649,8,9,20.000000
1030,576,0,1,20.000000
1030,576,1,2,20.000000
1031,577,0,1,20.000000
1031,577,1,2,20.000000
1032,578,0,1,20.000000
1032,578,1,2,20.000000
1033,579,0,1,20.000000
1033,579,1,2,20.000000
1034,580,0,1,20.000000
1034,580,1,2,20.000000
1035,581,0,1,20.000000
1035,581,1,2,20.000000
1036,582,0,1,20.000000
1036,582,1,2,20.000000
1037,583,0,1,20.000000
1037,583,1,2,20.000000
1038,584,0,1,20.000000
1038,584,1,2,20.000000
1039,585,0,1,20.000000
1039,585,1,2,20.000000
104,104,6,7,20.000000
104,104,7,8,20.000000
104,650,8,9,20.000000
1040,586,0,1,20.000000
1040,586,1,2,20.000000
1041,587,0,1,20.000000
1041,587,1,2,20.000000
1042,588,0,1,20.000000
1042,588,1,2,20.000000
1043,589,0,1,20.000000
1043,589,1,2,20.000000
1044,590,0,1,20.000000
1044,590,1,2,20.000000
1045,591,0,1,20.000000
1045,591,1,2,20.000000
1046,592,0,1,20.000000
1046,592,1,2,20.000000
1047,593,0,1,20.000000
1047,593,1,2,20.000000
1048,594,0,1,20.000000
1048,594,1,2,20.000000
1049,595,0,1,20.000000
1049,595,1,2,20.000000
105,105,6,7,20.000000
105,105,7,8,20.000000
105,651,8,9,20.000000
1050,596,0,1,20.000000
1050,596,1,2,20.000000
1051,597,0,1,20.000000
1051,597,1,2,20.000000
1052,598,0,1,20.000000
1052,598,1,2,20.000000
1053,599,0,1,20.000000
1053,599,1,2,20.000000
1054,600,0,1,20.000000
1054,600,1,2,20.000000
1055,601,0,1,20.000000
1055,601,1,2,20.000000
1056,602,0,1,20.000000
1057,603,0,1,20.000000
1057,603,1,2,20.000000
1058,604,0,1,20.000000
1058,604,1,2,20.000000
1059,605,0,1,20.000000
1059,605,1,2,20.000000
106,106,5,6,20.000000
106,106,6,7,20.000000
106,106,7,8,20.000000
106,652,8,9,20.000000
1060,606,0,1,20.000000
1060,606,1,2,20.000000
1061,607,0,1,20.000000
1061,607,1,2,20.000000
1062,608,0,1,20.000000
1062,608,1,2,20.000000
1063,609,0,1,20.000000
1063,609,1,2,20.000000
1064,610,0,1,20.000000
1064,610,1,2,20.000000
1065,611,0,1,20.000000
1065,611,1,2,20.000000
1066,612,0,1,20.000000
1066,612,1,2,20.000000
1067,613,0,1,20.000000
1068,614,0,1,20.000000
1068,614,1,2,20.000000
1069,615,0,1,20.000000
107,107,5,6,20.000000
107,107,6,7,20.000000
107,107,7,8,20.000000
107,653,8,9,20.000000
1070,616,0,1,20.000000
1070,616,1,2,20.000000
1071,617,0,1,20.000000
1071,617,1,2,20.000000
1072,618,0,1,20.000000
1072,618,1,2,20.000000
1073,619,0,1,20.000000
1073,619,1,2,20.000000
1074,620,0,1,20.000000
1074,620,1,2,20.000000
1075,621,0,1,20.000000
1075,621,1,2,20.000000
1076,622,0,1,20.000000
1076,622,1,2,20.000000
1077,623,0,1,20.000000
1077,623,1,2,20.000000
1078,624,0,1,20.000000
1078,624,1,2,20.000000
1079,625,0,1,20.000000
1079,625,1,2,20.000000
108,108,6,7,20.000000
108,108,7,8,20.000000
108,654,8,9,20.000000
1080,626,0,1,20.000000
1080,626,1,2,20.000000
1081,627,0,1,20.000000
1081,627,1,2,20.000000
1082,628,0,1,20.000000
1082,628,1,2,20.000000
1083,629,0,1,20.000000
1083,629,1,2,20.000000
1084,630,0,1,20.000000
1084,630,1,2,20.000000
1085,631,0,1,20.000000
1085,631,1,2,20.000000
1086,632,0,1,20.000000
1086,632,1,2,20.000000
1087,633,0,1,20.000000
1087,633,1,2,20.000000
1088,634,0,1,20.000000
1088,634,1,2,20.000000
1089,635,0,1,20.000000
1089,635,1,2,20.000000
109,109,2,3,20.000000
109,109,3,4,20.000000
109,109,4,5,20.000000
109,109,5,6,20.000000
109,109,6,7,20.000000
109,109,7,8,20.000000
109,655,8,9,20.000000
1090,636,0,1,20.000000
1090,636,1,2,20.000000
1091,637,0,1,20.000000
1091,637,1,2,20.000000
1092,638,0,1,20.000000
1092,638,1,2,20.000000
1093,639,0,1,20.000000
1093,639,1,2,20.000000
1094,640,0,1,20.000000
1094,640,1,2,20.000000
1095,641,0,1,20.000000
1095,641,1,2,20.000000
1096,642,0,1,20.000000
1096,642,1,2,20.000000
1097,643,0,1,20.000000
1097,643,1,2,20.000000
1098,644,0,1,20.000000
1098,644,1,2,20.000000
1099,645,0,1,20.000000
1099,645,1,2,20.000000
11,11,6,7,20.000000
11,11,7,8,20.000000
11,557,8,9,20.000000
110,110,5,6,20.000000
110,110,6,7,20.000000
110,110,7,8,20.000000
110,656,8,9,20.000000
1100,646,0,1,20.000000
1100,646,1,2,20.000000
1100,646,10,11,20.000000
1101,647,0,1,20.000000
1101,647,1,2,20.000000
1102,648,0,1,20.000000
1103,649,0,1,20.000000
1103,649,1,2,20.000000
1104,650,0,1,20.000000
1104,650,1,2,20.000000
1105,651,0,1,20.000000
1105,651,1,2,20.000000
1106,652,0,1,20.000000
1106,652,1,2,20.000000
1107,653,0,1,20.000000
1107,653,1,2,20.000000
1108,654,0,1,20.000000
1108,654,1,2,20.000000
1109,655,0,1,20.000000
1109,655,1,2,20.000000
111,111,7,8,20.000000
111,657,8,9,20.000000
1110,656,0,1,20.000000
1110,656,1,2,20.000000
1111,657,0,1,20.000000
1111,657,1,2,20.000000
1112,658,0,1,20.000000
1112,658,1,2,20.000000
1113,659,0,1,20.000000
1113,659,1,2,20.000000
1114,660,0,1,20.000000
1114,660,1,2,20.000000
1115,661,0,1,20.000000
1115,661,1,2,20.000000
1116,662,0,1,20.000000
1116,662,1,2,20.000000
1117,663,0,1,20.000000
1117,663,1,2,20.000000
1118,664,0,1,20.000000
1118,664,1,2,20.000000
1119,665,0,1,20.000000
1119,665,1,2,20.000000
112,112,5,6,20.000000
112,112,6,7,20.000000
112,112,7,8,20.000000
112,658,8,9,20.000000
1120,666,0,1,20.000000
1120,666,1,2,20.000000
1121,667,0,1,20.000000
1121,667,1,2,20.000000
1122,668,0,1,20.000000
1122,668,1,2,20.000000
113,113,2,3,20.000000
113,113,3,4,20.000000
113,113,4,5,20.000000
113,113,5,6,20.000000
113,113,6,7,20.000000
113,113,7,8,20.000000
113,659,8,9,20.000000
114,114,5,6,20.000000
114,114,6,7,20.000000
114,114,7,8,20.000000
114,660,8,9,20.000000
115,661,8,9,20.000000
116,116,5,6,20.000000
116,116,6,7,20.000000
116,116,7,8,20.000000
116,662,8,9,20.000000
117,117,6,7,20.000000
117,117,7,8,20.000000
117,663,8,9,20.000000
118,118,6,7,20.000000
118,118,7,8,20.000000
118,664,8,9,20.000000
119,119,6,7,20.000000
119,119,7,8,20.000000
119,665,8,9,20.000000
12,12,7,8,20.000000
12,558,8,9,20.000000
120,120,5,6,20.000000
120,120,6,7,20.000000
120,120,7,8,20.000000
120,666,8,9,20.000000
121,121,2,3,20.000000
121,121,3,4,20.000000
121,121,4,5,20.000000
121,121,5,6,20.000000
121,121,6,7,20.000000
121,121,7,8,20.000000
121,667,8,9,20.000000
122,122,6,7,20.000000
122,122,7,8,20.000000
122,668,8,9,20.000000
123,123,6,7,20.000000
123,123,7,8,20.000000
123,669,8,9,20.000000
124,124,7,8,20.000000
124,670,8,9,20.000000
125,671,8,9,20.000000
129,129,6,7,20.000000
129,129,7,8,20.000000
129,675,8,9,20.000000
13,13,7,8,20.000000
13,559,8,9,20.000000
130,676,8,9,20.000000
133,133,6,7,20.000000
133,133,7,8,20.000000
133,679,8,9,20.000000
134,680,8,9,20.000000
135,681,8,9,20.000000
136,682,8,9,20.000000
14,14,7,8,20.000000
14,560,8,9,20.000000
145,145,6,7,20.000000
145,145,7,8,20.000000
145,691,8,9,20.000000
147,693,8,9,20.000000
15,15,7,8,20.000000
15,561,8,9,20.000000
157,157,7,8,20.000000
157,703,8,9,20.000000
159,705,8,9,20.000000
16,16,6,7,20.000000
16,16,7,8,20.000000
16,562,8,9,20.000000
161,161,6,7,20.000000
161,161,7,8,20.000000
161,707,8,9,20.000000
17,17,4,5,20.000000
17,17,5,6,20.000000
17,17,6,7,20.000000
17,17,7,8,20.000000
17,563,8,9,20.000000
18,18,5,6,20.000000
18,18,6,7,20.000000
18,18,7,8,20.000000
18,564,8,9,20.000000
19,19,5,6,20.000000
19,19,6,7,20.000000
19,19,7,8,20.000000
19,565,8,9,20.000000
2,2,3,4,20.000000
2,2,4,5,20.000000
2,2,5,6,20.000000
2,2,6,7,20.000000
2,2,7,8,20.000000
2,548,8,9,20.000000
20,20,2,3,20.000000
20,20,3,4,20.000000
20,20,4,5,20.000000
20,20,5,6,20.000000
20,20,6,7,20.000000
20,20,7,8,20.000000
20,566,8,9,20.000000
21,21,2,3,20.000000
21,21,3,4,20.000000
21,21,4,5,20.000000
21,21,5,6,20.000000
21,21,6,7,20.000000
21,21,7,8,20.000000
21,567,8,9,20.000000
22,22,4,5,20.000000
22,22,5,6,20.000000
22,22,6,7,20.000000
22,22,7,8,20.000000
22,568,8,9,20.000000
23,23,5,6,20.000000
23,23,6,7,20.000000
23,23,7,8,20.000000
23,569,8,9,20.000000
230,230,6,7,20.000000
230,230,7,8,20.000000
230,776,8,9,20.000000
232,232,7,8,20.000000
232,778,8,9,20.000000
24,24,5,6,20.000000
24,24,6,7,20.000000
24,24,7,8,20.000000
24,570,8,9,20.000000
25,25,7,8,20.000000
25,571,8,9,20.000000
26,26,3,4,20.000000
26,26,4,5,20.000000
26,26,5,6,20.000000
26,26,6,7,20.000000
26,26,7,8,20.000000
26,572,8,9,20.000000
27,27,3,4,20.000000
27,27,4,5,20.000000
27,27,5,6,20.000000
27,27,6,7,20.000000
27,27,7,8,20.000000
27,573,8,9,20.000000
279,825,8,9,20.000000
28,28,5,6,20.000000
28,28,6,7,20.000000
28,28,7,8,20.000000
28,574,8,9,20.000000
281,281,6,7,20.000000
281,281,7,8,20.000000
281,827,8,9,20.000000
29,29,5,6,20.000000
29,29,6,7,20.000000
29,29,7,8,20.000000
29,575,8,9,20.000000
295,841,8,9,20.000000
297,297,6,7,20.000000
297,297,7,8,20.000000
297,843,8,9,20.000000
3,3,7,8,20.000000
3,549,8,9,20.000000
30,30,5,6,20.000000
30,30,6,7,20.000000
30,30,7,8,20.000000
30,576,8,9,20.000000
304,304,6,7,20.000000
304,304,7,8,20.000000
304,850,8,9,20.000000
31,31,7,8,20.000000
31,577,8,9,20.000000
32,32,7,8,20.000000
32,578,8,9,20.000000
33,33,5,6,20.000000
33,33,6,7,20.000000
33,33,7,8,20.000000
33,579,8,9,20.000000
34,34,6,7,20.000000
34,34,7,8,20.000000
34,580,8,9,20.000000
35,35,6,7,20.000000
35,35,7,8,20.000000
35,581,8,9,20.000000
356,356,6,7,20.000000
356,356,7,8,20.000000
356,902,8,9,20.000000
36,36,6,7,20.000000
36,36,7,8,20.000000
36,582,8,9,20.000000
37,37,3,4,20.000000
37,37,4,5,20.000000
37,37,5,6,20.000000
37,37,6,7,20.000000
37,37,7,8,20.000000
37,583,8,9,20.000000
38,584,8,9,20.000000
39,39,3,4,20.000000
39,39,4,5,20.000000
39,39,5,6,20.000000
39,39,6,7,20.000000
39,39,7,8,20.000000
39,585,8,9,20.000000
394,601,10,11,20.000000
397,604,15,16,20.000000
397,604,4,5,20.000000
398,399,15,16,20.000000
399,537,10,14,20.000000
399,537,11,15,20.000000
399,537,12,16,20.000000
399,537,15,19,20.000000
399,537,16,20,20.000000
399,537,17,21,20.000000
399,537,18,22,20.000000
399,537,22,26,20.000000
399,609,19,20,20.000000
399,609,3,4,20.000000
399,609,6,7,20.000000
4,4,7,8,20.000000
4,550,8,9,20.000000
40,40,3,4,20.000000
40,40,4,5,20.000000
40,40,5,6,20.000000
40,40,6,7,20.000000
40,40,7,8,20.000000
40,586,8,9,20.000000
400,398,13,15,20.000000
400,609,10,13,20.000000
400,609,3,6,20.000000
401,400,10,13,20.000000
401,590,2,4,20.000000
401,590,5,7,20.000000
403,403,19,20,20.000000
403,404,10,13,20.000000
403,404,16,19,20.000000
403,611,11,13,20.000000
403,611,13,15,20.000000
403,611,2,4,20.000000
403,611,20,22,20.000000
403,611,5,7,20.000000
404,405,13,14,20.000000
404,405,14,15,20.000000
404,405,19,20,20.000000
404,680,11,13,20.000000
404,680,19,21,20.000000
405,488,14,15,20.000000
405,488,15,16,20.000000
405,488,20,21,20.000000
41,41,6,7,20.000000
41,41,7,8,20.000000
41,587,8,9,20.000000
42,588,8,9,20.000000
425,426,13,15,20.000000
425,426,15,17,20.000000
426,441,15,19,20.000000
426,441,17,21,20.000000
429,593,10,11,20.000000
43,589,8,9,20.000000
431,432,11,14,20.000000
431,597,3,5,20.000000
432,433,14,16,20.000000
432,599,4,6,20.000000
433,434,10,12,20.000000
433,434,12,14,20.000000
433,434,16,18,20.000000
433,616,3,6,20.000000
434,435,12,15,20.000000
434,435,14,17,20.000000
434,435,17,20,20.000000
434,435,18,21,20.000000
435,435,10,11,20.000000
435,435,12,13,20.000000
435,436,11,13,20.000000
435,436,13,15,20.000000
435,436,14,16,20.000000
435,436,15,17,20.000000
435,436,17,19,20.000000
435,436,20,22,20.000000
435,436,21,23,20.000000
435,436,31,33,20.000000
435,436,32,34,20.000000
435,436,33,35,20.000000
435,436,34,36,20.000000
435,436,37,39,20.000000
435,436,38,40,20.000000
435,436,42,44,20.000000
435,552,24,25,20.000000
435,552,3,4,20.000000
435,554,13,15,20.000000
435,554,15,17,20.000000
435,554,16,18,20.000000
435,554,17,19,20.000000
435,554,5,7,20.000000
436,435,29,31,20.000000
436,435,30,32,20.000000
436,435,32,34,20.000000
436,435,36,38,20.000000
436,435,40,42,20.000000
436,436,16,17,20.000000
436,436,26,27,20.000000
436,436,28,29,20.000000
436,436,29,30,20.000000
436,436,31,32,20.000000
436,436,35,36,20.000000
436,436,39,40,20.000000
436,437,13,16,20.000000
436,437,17,20,20.000000
436,437,22,25,20.000000
436,437,23,26,20.000000
436,437,30,33,20.000000
436,437,33,36,20.000000
436,437,34,37,20.000000
436,437,35,38,20.000000
436,437,36,39,20.000000
436,437,39,42,20.000000
436,437,40,43,20.000000
436,437,44,47,20.000000
436,496,15,16,20.000000
436,496,17,18,20.000000
436,496,19,20,20.000000
436,496,24,25,20.000000
436,496,26,27,20.000000
436,496,27,28,20.000000
436,496,29,30,20.000000
436,496,30,31,20.000000
436,496,32,33,20.000000
436,496,33,34,20.000000
436,496,34,35,20.000000
436,496,37,38,20.000000
436,496,38,39,20.000000
437,436,21,24,20.000000
437,436,23,26,20.000000
437,436,26,29,20.000000
437,436,27,30,20.000000
437,436,29,32,20.000000
437,436,30,33,20.000000
437,436,31,34,20.000000
437,436,34,37,20.000000
437,436,35,38,20.000000
437,437,16,17,20.000000
437,437,18,19,20.000000
437,437,22,23,20.000000
437,437,25,26,20.000000
437,437,26,27,20.000000
437,437,27,28,20.000000
437,437,28,29,20.000000
437,437,29,30,20.000000
437,437,42,43,20.000000
437,438,26,30,20.000000
437,438,33,37,20.000000
437,438,43,47,20.000000
437,438,47,51,20.000000
437,554,3,4,20.000000
437,556,10,13,20.000000
437,556,11,14,20.000000
437,556,12,15,20.000000
437,556,13,16,20.000000
437,556,14,17,20.000000
437,556,15,18,20.000000
437,556,16,19,20.000000
437,556,17,20,20.000000
437,556,18,21,20.000000
437,556,19,22,20.000000
437,556,20,23,20.000000
437,556,21,24,20.000000
437,556,22,25,20.000000
437,556,23,26,20.000000
437,556,24,27,20.000000
437,556,25,28,20.000000
437,556,26,29,20.000000
437,556,27,30,20.000000
437,556,28,31,20.000000
437,556,29,32,20.000000
437,556,30,33,20.000000
437,556,31,34,20.000000
437,556,32,35,20.000000
437,556,33,36,20.000000
437,556,34,37,20.000000
437,556,35,38,20.000000
437,556,36,39,20.000000
437,556,37,40,20.000000
437,556,38,41,20.000000
437,556,39,42,20.000000
437,556,40,43,20.000000
437,556,41,44,20.000000
437,556,42,45,20.000000
437,556,43,46,20.000000
437,556,44,47,20.000000
437,556,45,48,20.000000
437,556,46,49,20.000000
437,556,47,50,20.000000
437,556,48,51,20.000000
437,556,49,52,20.000000
437,556,50,53,20.000000
437,556,51,54,20.000000
437,556,52,55,20.000000
437,556,53,56,20.000000
437,556,54,57,20.000000
437,556,55,58,20.000000
438,437,13,17,20.000000
438,437,14,18,20.000000
438,437,17,21,20.000000
438,437,18,22,20.000000
438,437,19,23,20.000000
438,437,20,24,20.000000
438,437,21,25,20.000000
438,437,22,26,20.000000
438,437,23,27,20.000000
438,437,24,28,20.000000
438,437,25,29,20.000000
438,437,26,30,20.000000
438,437,27,31,20.000000
438,437,29,33,20.000000
438,437,30,34,20.000000
438,437,31,35,20.000000
438,437,37,41,20.000000
438,437,38,42,20.000000
438,437,40,44,20.000000
438,437,41,45,20.000000
438,437,42,46,20.000000
438,437,43,47,20.000000
438,437,44,48,20.000000
438,437,45,49,20.000000
438,437,46,50,20.000000
438,437,47,51,20.000000
438,437,48,52,20.000000
438,437,49,53,20.000000
438,437,50,54,20.000000
438,437,51,55,20.000000
438,439,19,21,20.000000
438,439,25,27,20.000000
438,439,26,28,20.000000
438,535,24,31,20.000000
438,535,27,34,20.000000
438,535,28,35,20.000000
438,535,29,36,20.000000
438,535,30,37,20.000000
438,535,31,38,20.000000
438,540,20,22,20.000000
438,540,4,6,20.000000
439,438,11,13,20.000000
439,438,12,14,20.000000
439,438,15,17,20.000000
439,438,16,18,20.000000
439,438,17,19,20.000000
439,438,18,20,20.000000
439,438,2,4,20.000000
439,438,20,22,20.000000
439,438,21,23,20.000000
439,438,22,24,20.000000
439,438,23,25,20.000000
439,438,25,27,20.000000
439,438,27,29,20.000000
439,438,28,30,20.000000
439,438,29,31,20.000000
439,439,10,11,20.000000
439,439,13,14,20.000000
439,439,14,15,20.000000
439,439,15,16,20.000000
439,439,16,17,20.000000
439,440,18,20,20.000000
439,614,11,13,20.000000
439,614,14,16,20.000000
439,614,16,18,20.000000
439,614,20,22,20.000000
439,614,21,23,20.000000
439,614,26,28,20.000000
44,590,8,9,20.000000
440,439,10,12,20.000000
440,439,13,15,20.000000
440,439,14,16,20.000000
440,439,16,18,20.000000
440,439,19,21,20.000000
440,439,20,22,20.000000
440,439,21,23,20.000000
440,439,23,25,20.000000
440,439,24,26,20.000000
441,440,14,16,20.000000
441,440,17,19,20.000000
441,440,19,21,20.000000
441,440,21,23,20.000000
441,440,22,24,20.000000
441,596,12,13,20.000000
441,596,3,4,20.000000
441,596,6,7,20.000000
449,663,4,5,20.000000
45,45,6,7,20.000000
45,45,7,8,20.000000
45,591,8,9,20.000000
451,452,10,12,20.000000
452,525,11,13,20.000000
452,525,2,4,20.000000
452,525,3,5,20.000000
452,652,10,12,20.000000
452,652,12,14,20.000000
452,652,13,15,20.000000
452,652,16,18,20.000000
453,650,10,13,20.000000
453,650,13,16,20.000000
46,46,5,6,20.000000
46,46,6,7,20.000000
46,46,7,8,20.000000
46,592,8,9,20.000000
47,47,6,7,20.000000
47,47,7,8,20.000000
47,593,8,9,20.000000
475,706,16,19,20.000000
476,477,10,13,20.000000
476,477,13,16,20.000000
476,477,19,22,20.000000
476,705,5,7,20.000000
477,477,24,25,20.000000
477,477,25,26,20.000000
477,478,14,16,20.000000
477,478,15,17,20.000000
477,478,17,19,20.000000
477,478,25,27,20.000000
477,478,26,28,20.000000
477,478,3,5,20.000000
477,478,4,6,20.000000
477,503,11,12,20.000000
477,503,13,14,20.000000
477,503,16,17,20.000000
477,503,20,21,20.000000
477,503,22,23,20.000000
478,479,13,16,20.000000
478,479,16,19,20.000000
478,479,17,20,20.000000
478,479,19,22,20.000000
478,479,27,30,20.000000
478,479,28,31,20.000000
478,633,10,12,20.000000
478,703,3,4,20.000000
478,703,5,6,20.000000
478,703,6,7,20.000000
479,480,10,11,20.000000
479,480,16,17,20.000000
479,480,19,20,20.000000
479,480,20,21,20.000000
479,480,22,23,20.000000
479,480,30,31,20.000000
479,480,31,32,20.000000
48,48,6,7,20.000000
48,48,7,8,20.000000
48,594,8,9,20.000000
480,481,21,22,20.000000
480,481,31,32,20.000000
480,481,32,33,20.000000
480,484,11,13,20.000000
480,484,15,17,20.000000
480,484,17,19,20.000000
480,484,20,22,20.000000
480,484,23,25,20.000000
481,691,22,24,20.000000
481,691,32,34,20.000000
481,691,33,35,20.000000
483,480,13,15,20.000000
484,485,17,20,20.000000
484,627,11,13,20.000000
484,627,13,15,20.000000
484,627,14,16,20.000000
484,627,17,19,20.000000
484,627,19,21,20.000000
484,627,22,24,20.000000
484,627,25,27,20.000000
484,627,5,7,20.000000
485,485,11,12,20.000000
485,485,12,13,20.000000
485,485,17,18,20.000000
485,485,18,19,20.000000
485,485,21,22,20.000000
485,485,33,34,20.000000
485,489,13,15,20.000000
485,489,20,22,20.000000
485,626,10,12,20.000000
485,626,13,15,20.000000
485,626,18,20,20.000000
485,626,19,21,20.000000
485,626,20,22,20.000000
485,626,22,24,20.000000
485,626,23,25,20.000000
485,626,27,29,20.000000
485,626,29,31,20.000000
485,626,30,32,20.000000
485,626,34,36,20.000000
486,627,10,12,20.000000
486,691,4,5,20.000000
487,488,11,13,20.000000
487,488,15,17,20.000000
487,488,34,36,20.000000
487,535,15,18,20.000000
487,535,18,21,20.000000
487,535,19,22,20.000000
487,535,29,32,20.000000
487,535,30,33,20.000000
487,535,36,39,20.000000
487,535,38,41,20.000000
487,535,39,42,20.000000
487,535,40,43,20.000000
487,681,17,19,20.000000
487,681,23,25,20.000000
488,487,13,15,20.000000
488,487,15,17,20.000000
488,487,16,18,20.000000
488,487,17,19,20.000000
488,487,21,23,20.000000
488,487,28,30,20.000000
488,487,32,34,20.000000
488,487,36,38,20.000000
488,682,6,7,20.000000
489,490,13,14,20.000000
489,490,15,16,20.000000
489,490,17,18,20.000000
489,490,19,20,20.000000
489,490,20,21,20.000000
489,490,22,23,20.000000
489,490,24,25,20.000000
489,490,27,28,20.000000
489,490,33,34,20.000000
489,490,35,36,20.000000
49,595,8,9,20.000000
490,490,19,20,20.000000
490,490,25,26,20.000000
490,490,28,29,20.000000
490,490,37,38,20.000000
490,491,14,16,20.000000
490,491,16,18,20.000000
490,491,2,4,20.000000
490,491,20,22,20.000000
490,491,24,26,20.000000
490,491,26,28,20.000000
490,491,31,33,20.000000
490,491,33,35,20.000000
490,491,34,36,20.000000
490,557,10,12,20.000000
490,557,13,15,20.000000
490,557,14,16,20.000000
490,557,15,17,20.000000
490,557,17,19,20.000000
490,557,18,20,20.000000
490,557,20,22,20.000000
490,557,21,23,20.000000
490,557,22,24,20.000000
490,557,23,25,20.000000
490,557,24,26,20.000000
490,557,25,27,20.000000
490,557,27,29,20.000000
490,557,28,30,20.000000
490,557,29,31,20.000000
490,557,3,5,20.000000
490,557,30,32,20.000000
490,557,34,36,20.000000
490,557,35,37,20.000000
490,557,36,38,20.000000
490,557,38,40,20.000000
490,557,41,43,20.000000
491,490,22,24,20.000000
491,492,26,29,20.000000
491,558,10,12,20.000000
491,558,16,18,20.000000
491,558,18,20,20.000000
491,558,2,4,20.000000
491,558,21,23,20.000000
491,558,24,26,20.000000
491,558,27,29,20.000000
491,558,28,30,20.000000
491,558,33,35,20.000000
491,558,35,37,20.000000
491,558,36,38,20.000000
491,558,4,6,20.000000
491,559,3,4,20.000000
491,559,5,6,20.000000
492,492,3,4,20.000000
492,492,34,35,20.000000
492,493,14,15,20.000000
492,493,29,30,20.000000
492,493,35,36,20.000000
492,493,4,5,20.000000
492,561,10,12,20.000000
492,561,11,13,20.000000
492,561,14,16,20.000000
492,561,15,17,20.000000
492,561,16,18,20.000000
492,561,17,19,20.000000
492,561,18,20,20.000000
492,561,26,28,20.000000
492,561,28,30,20.000000
492,561,29,31,20.000000
492,561,31,33,20.000000
492,562,19,20,20.000000
492,562,27,28,20.000000
492,562,35,36,20.000000
493,492,13,14,20.000000
493,492,14,15,20.000000
493,492,15,16,20.000000
493,492,16,17,20.000000
493,492,17,18,20.000000
493,492,18,19,20.000000
493,492,25,26,20.000000
493,492,27,28,20.000000
493,492,28,29,20.000000
493,492,30,31,20.000000
493,492,33,34,20.000000
493,492,34,35,20.000000
493,493,31,32,20.000000
493,493,36,37,20.000000
493,494,11,13,20.000000
493,494,12,14,20.000000
493,494,13,15,20.000000
493,494,15,17,20.000000
493,494,17,19,20.000000
493,494,18,20,20.000000
493,494,19,21,20.000000
493,494,20,22,20.000000
493,494,21,23,20.000000
493,494,22,24,20.000000
493,494,23,25,20.000000
493,494,27,29,20.000000
493,494,30,32,20.000000
493,494,31,33,20.000000
493,494,32,34,20.000000
493,494,33,35,20.000000
493,494,34,36,20.000000
493,494,35,37,20.000000
493,494,36,38,20.000000
493,494,37,39,20.000000
493,494,38,40,20.000000
493,494,40,42,20.000000
493,494,41,43,20.000000
493,494,42,44,20.000000
493,562,20,21,20.000000
493,562,22,23,20.000000
493,562,24,25,20.000000
493,562,26,27,20.000000
493,562,29,30,20.000000
493,562,30,31,20.000000
493,562,4,5,20.000000
493,564,15,17,20.000000
493,564,5,7,20.000000
494,493,38,40,20.000000
494,493,39,41,20.000000
494,493,40,42,20.000000
494,495,13,16,20.000000
494,495,14,17,20.000000
494,495,15,18,20.000000
494,495,17,20,20.000000
494,495,18,21,20.000000
494,495,19,22,20.000000
494,495,20,23,20.000000
494,495,21,24,20.000000
494,495,22,25,20.000000
494,495,23,26,20.000000
494,495,24,27,20.000000
494,495,25,28,20.000000
494,495,29,32,20.000000
494,495,30,33,20.000000
494,495,31,34,20.000000
494,495,32,35,20.000000
494,495,33,36,20.000000
494,495,34,37,20.000000
494,495,35,38,20.000000
494,495,36,39,20.000000
494,495,37,40,20.000000
494,495,38,41,20.000000
494,495,40,43,20.000000
494,495,41,44,20.000000
494,495,42,45,20.000000
494,495,43,46,20.000000
494,495,44,47,20.000000
494,561,6,7,20.000000
494,563,19,21,20.000000
494,563,3,5,20.000000
494,563,34,36,20.000000
494,563,35,37,20.000000
494,563,36,38,20.000000
494,563,37,39,20.000000
495,494,15,18,20.000000
495,494,16,19,20.000000
495,494,27,30,20.000000
495,494,28,31,20.000000
495,494,32,35,20.000000
495,494,33,36,20.000000
495,494,34,37,20.000000
495,494,35,38,20.000000
495,494,37,40,20.000000
495,494,38,41,20.000000
495,495,41,42,20.000000
495,496,17,19,20.000000
495,496,18,20,20.000000
495,496,20,22,20.000000
495,496,21,23,20.000000
495,496,22,24,20.000000
495,496,23,25,20.000000
495,496,24,26,20.000000
495,496,25,27,20.000000
495,496,26,28,20.000000
495,496,27,29,20.000000
495,496,28,30,20.000000
495,496,30,32,20.000000
495,496,32,34,20.000000
495,496,34,36,20.000000
495,496,35,37,20.000000
495,496,36,38,20.000000
495,496,38,40,20.000000
495,496,39,41,20.000000
495,496,40,42,20.000000
495,496,41,43,20.000000
495,496,42,44,20.000000
495,496,43,45,20.000000
495,496,44,46,20.000000
495,496,45,47,20.000000
495,496,46,48,20.000000
495,496,47,49,20.000000
495,551,15,18,20.000000
495,551,21,24,20.000000
495,551,26,29,20.000000
495,551,33,36,20.000000
495,560,12,13,20.000000
495,560,4,5,20.000000
496,436,25,26,20.000000
496,436,27,28,20.000000
496,436,28,29,20.000000
496,436,29,30,20.000000
496,436,30,31,20.000000
496,436,34,35,20.000000
496,436,38,39,20.000000
496,495,25,27,20.000000
496,495,28,30,20.000000
496,496,27,28,20.000000
496,496,28,29,20.000000
496,556,10,11,20.000000
496,556,11,12,20.000000
496,556,12,13,20.000000
496,556,13,14,20.000000
496,556,14,15,20.000000
496,556,15,16,20.000000
496,556,16,17,20.000000
496,556,17,18,20.000000
496,556,18,19,20.000000
496,556,19,20,20.000000
496,556,2,3,20.000000
496,556,20,21,20.000000
496,556,21,22,20.000000
496,556,22,23,20.000000
496,556,23,24,20.000000
496,556,24,25,20.000000
496,556,25,26,20.000000
496,556,26,27,20.000000
496,556,27,28,20.000000
496,556,28,29,20.000000
496,556,29,30,20.000000
496,556,30,31,20.000000
496,556,31,32,20.000000
496,556,32,33,20.000000
496,556,33,34,20.000000
496,556,34,35,20.000000
496,556,35,36,20.000000
496,556,36,37,20.000000
496,556,37,38,20.000000
496,556,38,39,20.000000
496,556,39,40,20.000000
496,556,4,5,20.000000
496,556,40,41,20.000000
496,556,41,42,20.000000
496,556,42,43,20.000000
496,556,43,44,20.000000
496,556,44,45,20.000000
496,556,45,46,20.000000
496,556,46,47,20.000000
496,556,47,48,20.000000
496,556,48,49,20.000000
496,556,49,50,20.000000
496,556,5,6,20.000000
496,556,6,7,20.000000
497,493,12,13,20.000000
497,493,13,14,20.000000
497,493,14,15,20.000000
497,493,15,16,20.000000
497,493,16,17,20.000000
497,493,17,18,20.000000
497,493,19,20,20.000000
497,493,20,21,20.000000
497,493,21,22,20.000000
497,493,23,24,20.000000
497,493,24,25,20.000000
497,493,25,26,20.000000
497,493,26,27,20.000000
497,493,27,28,20.000000
497,493,28,29,20.000000
497,493,29,30,20.000000
497,493,30,31,20.000000
497,493,32,33,20.000000
497,493,33,34,20.000000
497,493,34,35,20.000000
497,493,35,36,20.000000
498,497,11,12,20.000000
498,497,12,13,20.000000
498,497,13,14,20.000000
498,497,14,15,20.000000
498,497,15,16,20.000000
498,497,16,17,20.000000
498,497,18,19,20.000000
498,497,19,20,20.000000
498,497,20,21,20.000000
498,497,22,23,20.000000
498,497,23,24,20.000000
498,497,24,25,20.000000
498,497,25,26,20.000000
498,497,26,27,20.000000
498,497,27,28,20.000000
498,497,28,29,20.000000
498,497,29,30,20.000000
498,497,31,32,20.000000
498,497,32,33,20.000000
498,497,33,34,20.000000
498,497,34,35,20.000000
498,498,11,12,20.000000
498,498,19,20,20.000000
498,499,14,15,20.000000
499,498,10,11,20.000000
499,498,13,14,20.000000
499,498,18,19,20.000000
499,498,25,26,20.000000
499,567,14,16,20.000000
499,567,15,17,20.000000
499,567,21,23,20.000000
499,567,23,25,20.000000
499,567,26,28,20.000000
499,569,3,4,20.000000
499,569,6,7,20.000000
5,5,4,5,20.000000
5,5,5,6,20.000000
5,5,6,7,20.000000
5,5,7,8,20.000000
5,551,8,9,20.000000
50,596,8,9,20.000000
500,500,27,28,20.000000
500,500,29,30,20.000000
500,500,30,31,20.000000
500,501,2,5,20.000000
500,501,3,6,20.000000
500,566,10,12,20.000000
500,566,16,18,20.000000
500,566,19,21,20.000000
500,566,22,24,20.000000
500,566,28,30,20.000000
500,566,30,32,20.000000
500,566,31,33,20.000000
500,566,5,7,20.000000
501,501,18,19,20.000000
501,636,10,11,20.000000
501,636,15,16,20.000000
501,636,18,19,20.000000
501,636,19,20,20.000000
501,636,20,21,20.000000
501,636,21,22,20.000000
501,636,23,24,20.000000
501,636,27,28,20.000000
501,636,5,6,20.000000
501,636,6,7,20.000000
502,501,15,18,20.000000
502,501,17,20,20.000000
502,501,18,21,20.000000
502,501,20,23,20.000000
502,501,24,27,20.000000
502,632,11,13,20.000000
502,632,12,14,20.000000
502,632,14,16,20.000000
502,632,15,17,20.000000
502,632,17,19,20.000000
502,632,21,23,20.000000
502,632,23,25,20.000000
502,632,26,28,20.000000
502,632,27,29,20.000000
502,634,5,7,20.000000
503,502,12,15,20.000000
503,502,14,17,20.000000
503,502,17,20,20.000000
503,502,21,24,20.000000
503,502,23,26,20.000000
504,477,10,11,20.000000
504,477,13,14,20.000000
504,477,14,15,20.000000
504,477,16,17,20.000000
504,477,19,20,20.000000
504,477,2,3,20.000000
504,477,23,24,20.000000
504,477,24,25,20.000000
504,477,3,4,20.000000
504,635,6,7,20.000000
505,504,11,14,20.000000
505,504,20,23,20.000000
505,504,21,24,20.000000
505,504,3,6,20.000000
505,505,10,11,20.000000
505,634,11,13,20.000000
505,634,13,15,20.000000
505,634,14,16,20.000000
505,634,16,18,20.000000
505,634,17,19,20.000000
505,634,19,21,20.000000
505,634,23,25,20.000000
505,634,26,28,20.000000
506,644,2,4,20.000000
509,659,11,12,20.000000
509,659,14,15,20.000000
509,659,6,7,20.000000
51,51,6,7,20.000000
51,51,7,8,20.000000
51,597,8,9,20.000000
510,658,14,15,20.000000
510,658,17,18,20.000000
510,658,3,4,20.000000
511,522,13,17,20.000000
511,522,14,18,20.000000
512,511,12,14,20.000000
512,670,3,6,20.000000
52,52,3,4,20.000000
52,52,4,5,20.000000
52,52,5,6,20.000000
52,52,6,7,20.000000
52,52,7,8,20.000000
52,598,8,9,20.000000
521,511,10,13,20.000000
522,523,17,23,20.000000
522,523,18,24,20.000000
523,530,23,25,20.000000
523,530,24,26,20.000000
524,524,16,17,20.000000
524,578,10,13,20.000000
524,578,12,15,20.000000
524,578,13,16,20.000000
524,578,15,18,20.000000
524,578,16,19,20.000000
524,578,17,20,20.000000
524,578,18,21,20.000000
524,578,21,24,20.000000
525,524,13,16,20.000000
525,652,3,4,20.000000
525,657,4,6,20.000000
525,657,5,7,20.000000
528,529,10,11,20.000000
528,529,13,14,20.000000
528,529,21,22,20.000000
528,573,2,4,20.000000
529,531,11,12,20.000000
529,531,12,13,20.000000
529,531,14,15,20.000000
529,531,15,16,20.000000
529,531,18,19,20.000000
529,531,19,20,20.000000
529,531,20,21,20.000000
529,531,21,22,20.000000
529,531,22,23,20.000000
529,531,23,24,20.000000
529,531,24,25,20.000000
529,531,25,26,20.000000
529,531,27,28,20.000000
529,531,28,29,20.000000
529,531,29,30,20.000000
529,531,30,31,20.000000
529,531,4,5,20.000000
53,53,7,8,20.000000
53,599,8,9,20.000000
530,529,10,12,20.000000
530,529,13,15,20.000000
530,529,16,18,20.000000
530,529,17,19,20.000000
530,529,18,20,20.000000
530,529,19,21,20.000000
530,529,2,4,20.000000
530,529,21,23,20.000000
530,529,22,24,20.000000
530,529,23,25,20.000000
530,529,25,27,20.000000
530,529,26,28,20.000000
530,529,27,29,20.000000
530,529,28,30,20.000000
530,530,20,21,20.000000
530,577,3,4,20.000000
530,577,5,6,20.000000
531,531,10,11,20.000000
531,532,11,12,20.000000
531,532,12,13,20.000000
531,532,13,14,20.000000
531,532,15,16,20.000000
531,532,16,17,20.000000
531,532,19,20,20.000000
531,532,20,21,20.000000
531,532,21,22,20.000000
531,532,22,23,20.000000
531,532,23,24,20.000000
531,532,24,25,20.000000
531,532,25,26,20.000000
531,532,26,27,20.000000
531,532,28,29,20.000000
531,532,29,30,20.000000
531,532,30,31,20.000000
531,532,31,32,20.000000
531,574,5,7,20.000000
532,533,11,12,20.000000
532,533,12,13,20.000000
532,533,13,14,20.000000
532,533,14,15,20.000000
532,533,16,17,20.000000
532,533,17,18,20.000000
532,533,20,21,20.000000
532,533,21,22,20.000000
532,533,22,23,20.000000
532,533,23,24,20.000000
532,533,25,26,20.000000
532,533,26,27,20.000000
532,533,27,28,20.000000
532,533,29,30,20.000000
532,533,30,31,20.000000
532,533,31,32,20.000000
532,533,32,33,20.000000
532,569,24,25,20.000000
533,498,10,11,20.000000
533,498,12,13,20.000000
533,498,13,14,20.000000
533,498,14,15,20.000000
533,498,15,16,20.000000
533,498,17,18,20.000000
533,498,18,19,20.000000
533,498,21,22,20.000000
533,498,22,23,20.000000
533,498,23,24,20.000000
533,498,24,25,20.000000
533,498,26,27,20.000000
533,498,27,28,20.000000
533,498,28,29,20.000000
533,498,30,31,20.000000
533,498,31,32,20.000000
533,498,32,33,20.000000
533,498,33,34,20.000000
535,438,18,25,20.000000
535,438,21,28,20.000000
535,438,22,29,20.000000
535,438,31,38,20.000000
535,438,33,40,20.000000
535,438,34,41,20.000000
535,438,35,42,20.000000
535,438,36,43,20.000000
535,438,37,44,20.000000
535,438,38,45,20.000000
535,438,39,46,20.000000
535,438,41,48,20.000000
535,438,42,49,20.000000
535,438,43,50,20.000000
535,487,33,36,20.000000
535,535,32,33,20.000000
536,438,17,19,20.000000
536,438,18,20,20.000000
536,438,19,21,20.000000
536,438,22,24,20.000000
536,438,24,26,20.000000
536,438,25,27,20.000000
536,438,29,31,20.000000
537,536,14,17,20.000000
537,536,15,18,20.000000
537,536,16,19,20.000000
537,536,19,22,20.000000
537,536,21,24,20.000000
537,536,22,25,20.000000
537,536,26,29,20.000000
537,610,20,21,20.000000
539,694,24,25,20.000000
54,54,3,4,20.000000
54,54,4,5,20.000000
54,54,5,6,20.000000
54,54,6,7,20.000000
54,54,7,8,20.000000
54,600,8,9,20.000000
540,438,24,26,20.000000
540,540,10,11,20.000000
540,540,11,12,20.000000
540,583,6,7,20.000000
540,622,11,13,20.000000
540,622,12,14,20.000000
540,622,2,4,20.000000
540,622,22,24,20.000000
541,582,13,16,20.000000
545,577,10,12,20.000000
545,577,14,16,20.000000
545,577,16,18,20.000000
545,577,19,21,20.000000
545,577,2,4,20.000000
545,577,5,7,20.000000
547,1,4,5,20.000000
547,1,7,8,20.000000
547,548,1,2,20.000000
547,548,11,12,20.000000
547,548,9,10,20.000000
547,549,18,20,20.000000
547,549,4,6,20.000000
547,549,9,11,20.000000
547,621,2,4,20.000000
547,621,5,7,20.000000
548,2,2,3,20.000000
548,2,7,8,20.000000
548,547,3,4,20.000000
548,548,9,10,20.000000
548,550,10,13,20.000000
548,550,12,15,20.000000
548,550,13,16,20.000000
548,550,19,22,20.000000
548,550,20,23,20.000000
548,550,21,24,20.000000
548,550,26,29,20.000000
548,550,27,30,20.000000
548,550,30,33,20.000000
548,550,32,35,20.000000
548,550,33,36,20.000000
548,550,34,37,20.000000
548,552,1,3,20.000000
548,552,10,12,20.000000
548,552,12,14,20.000000
548,552,2,4,20.000000
548,552,9,11,20.000000
548,618,5,7,20.000000
549,3,6,7,20.000000
549,3,7,8,20.000000
549,550,1,3,20.000000
549,550,11,13,20.000000
549,550,9,11,20.000000
549,551,2,5,20.000000
549,551,20,23,20.000000
549,551,9,12,20.000000
55,55,6,7,20.000000
55,55,7,8,20.000000
55,601,8,9,20.000000
550,4,6,7,20.000000
550,4,7,8,20.000000
550,548,16,19,20.000000
550,548,17,20,20.000000
550,548,18,21,20.000000
550,548,29,32,20.000000
550,548,30,33,20.000000
550,548,31,34,20.000000
550,549,5,7,20.000000
550,550,9,10,20.000000
550,552,1,4,20.000000
550,552,10,13,20.000000
550,552,29,32,20.000000
550,552,33,36,20.000000
550,553,11,13,20.000000
550,553,13,15,20.000000
550,553,15,17,20.000000
550,553,2,4,20.000000
550,553,24,26,20.000000
550,553,9,11,20.000000
550,560,13,16,20.000000
550,560,16,19,20.000000
550,560,21,24,20.000000
550,560,22,25,20.000000
550,560,23,26,20.000000
550,560,24,27,20.000000
550,560,26,29,20.000000
550,560,27,30,20.000000
550,560,3,6,20.000000
550,560,33,36,20.000000
550,560,35,38,20.000000
550,560,36,39,20.000000
550,560,37,40,20.000000
550,560,39,42,20.000000
550,560,41,44,20.000000
550,560,42,45,20.000000
550,560,43,46,20.000000
550,560,44,47,20.000000
551,495,1,4,20.000000
551,495,12,15,20.000000
551,495,23,26,20.000000
551,495,25,28,20.000000
551,495,29,32,20.000000
551,495,31,34,20.000000
551,495,32,35,20.000000
551,495,35,38,20.000000
551,495,9,12,20.000000
551,5,3,4,20.000000
551,5,7,8,20.000000
551,550,13,16,20.000000
551,550,14,17,20.000000
551,550,15,18,20.000000
551,550,18,21,20.000000
551,550,21,24,20.000000
551,550,23,26,20.000000
551,550,24,27,20.000000
551,550,26,29,20.000000
551,550,28,31,20.000000
551,550,30,33,20.000000
551,550,36,39,20.000000
551,550,38,41,20.000000
551,550,39,42,20.000000
551,550,40,43,20.000000
551,550,41,44,20.000000
551,551,9,10,20.000000
551,563,10,12,20.000000
551,563,2,4,20.000000
551,563,5,7,20.000000
552,435,11,12,20.000000
552,435,12,13,20.000000
552,435,13,14,20.000000
552,435,14,15,20.000000
552,435,15,16,20.000000
552,435,16,17,20.000000
552,435,2,3,20.000000
552,435,32,33,20.000000
552,435,36,37,20.000000
552,435,4,5,20.000000
552,435,9,10,20.000000
552,548,24,26,20.000000
552,548,25,27,20.000000
552,548,28,30,20.000000
552,552,9,10,20.000000
552,553,1,3,20.000000
552,553,10,12,20.000000
552,553,12,14,20.000000
552,553,13,15,20.000000
552,553,14,16,20.000000
552,553,3,5,20.000000
552,553,33,35,20.000000
552,553,4,6,20.000000
552,553,5,7,20.000000
552,6,5,6,20.000000
552,6,7,8,20.000000
552,619,4,7,20.000000
553,496,1,2,20.000000
553,496,10,11,20.000000
553,496,11,12,20.000000
553,496,12,13,20.000000
553,496,13,14,20.000000
553,496,14,15,20.000000
553,496,15,16,20.000000
553,496,16,17,20.000000
553,496,17,18,20.000000
553,496,24,25,20.000000
553,496,26,27,20.000000
553,496,27,28,20.000000
553,496,3,4,20.000000
553,496,4,5,20.000000
553,496,5,6,20.000000
553,496,9,10,20.000000
553,552,3,5,20.000000
553,553,9,10,20.000000
553,560,15,17,20.000000
553,560,21,23,20.000000
553,560,32,34,20.000000
553,560,35,37,20.000000
553,560,39,41,20.000000
553,560,41,43,20.000000
553,7,2,3,20.000000
553,7,6,7,20.000000
553,7,7,8,20.000000
554,1008,9,10,20.000000
554,435,22,24,20.000000
554,437,10,11,20.000000
554,437,11,12,20.000000
554,437,12,13,20.000000
554,437,13,14,20.000000
554,437,14,15,20.000000
554,437,15,16,20.000000
554,437,17,18,20.000000
554,437,18,19,20.000000
554,437,19,20,20.000000
554,437,2,3,20.000000
554,437,20,21,20.000000
554,437,21,22,20.000000
554,437,25,26,20.000000
554,437,26,27,20.000000
554,437,28,29,20.000000
554,437,31,32,20.000000
554,437,33,34,20.000000
554,437,34,35,20.000000
554,437,39,40,20.000000
554,437,9,10,20.000000
554,554,17,18,20.000000
554,554,18,19,20.000000
554,554,9,10,20.000000
554,614,4,7,20.000000
554,622,26,30,20.000000
554,625,1,3,20.000000
554,625,12,14,20.000000
554,625,15,17,20.000000
554,625,18,20,20.000000
554,625,19,21,20.000000
554,625,5,7,20.000000
554,8,6,7,20.000000
554,8,7,8,20.000000
555,555,21,22,20.000000
555,555,22,23,20.000000
555,556,10,13,20.000000
555,556,11,14,20.000000
555,556,12,15,20.000000
555,556,13,16,20.000000
555,556,14,17,20.000000
555,556,15,18,20.000000
555,556,16,19,20.000000
555,556,17,20,20.000000
555,556,18,21,20.000000
555,556,19,22,20.000000
555,556,20,23,20.000000
555,556,21,24,20.000000
555,556,22,25,20.000000
555,556,23,26,20.000000
555,556,24,27,20.000000
555,556,25,28,20.000000
555,556,26,29,20.000000
555,556,27,30,20.000000
555,556,28,31,20.000000
555,556,29,32,20.000000
555,556,3,6,20.000000
555,556,30,33,20.000000
555,556,31,34,20.000000
555,556,32,35,20.000000
555,556,33,36,20.000000
555,556,34,37,20.000000
555,556,35,38,20.000000
555,556,36,39,20.000000
555,556,37,40,20.000000
555,556,38,41,20.000000
555,556,39,42,20.000000
555,556,4,7,20.000000
555,556,40,43,20.000000
555,556,41,44,20.000000
555,556,42,45,20.000000
555,556,43,46,20.000000
555,556,44,47,20.000000
555,556,45,48,20.000000
555,556,46,49,20.000000
555,556,47,50,20.000000
555,556,48,51,20.000000
555,556,49,52,20.000000
555,556,50,53,20.000000
555,556,51,54,20.000000
555,556,52,55,20.000000
555,556,53,56,20.000000
555,556,9,12,20.000000
555,624,1,3,20.000000
555,624,10,12,20.000000
555,624,11,13,20.000000
555,624,2,4,20.000000
555,624,23,25,20.000000
555,624,26,28,20.000000
555,624,30,32,20.000000
555,624,9,11,20.000000
555,625,30,31,20.000000
555,625,36,37,20.000000
555,9,5,6,20.000000
555,9,6,7,20.000000
555,9,7,8,20.000000
556,10,5,6,20.000000
556,10,6,7,20.000000
556,10,7,8,20.000000
556,1010,10,11,20.000000
556,1010,11,12,20.000000
556,1010,12,13,20.000000
556,1010,13,14,20.000000
556,1010,14,15,20.000000
556,1010,15,16,20.000000
556,1010,16,17,20.000000
556,1010,17,18,20.000000
556,1010,18,19,20.000000
556,1010,19,20,20.000000
556,1010,20,21,20.000000
556,1010,21,22,20.000000
556,1010,22,23,20.000000
556,1010,23,24,20.000000
556,1010,24,25,20.000000
556,1010,25,26,20.000000
556,1010,26,27,20.000000
556,1010,27,28,20.000000
556,1010,28,29,20.000000
556,1010,29,30,20.000000
556,1010,30,31,20.000000
556,1010,31,32,20.000000
556,1010,32,33,20.000000
556,1010,33,34,20.000000
556,1010,34,35,20.000000
556,1010,35,36,20.000000
556,1010,36,37,20.000000
556,1010,37,38,20.000000
556,1010,38,39,20.000000
556,1010,39,40,20.000000
556,1010,40,41,20.000000
556,1010,41,42,20.000000
556,1010,42,43,20.000000
556,1010,43,44,20.000000
556,1010,44,45,20.000000
556,1010,45,46,20.000000
556,1010,46,47,20.000000
556,1010,47,48,20.000000
556,1010,48,49,20.000000
556,1010,49,50,20.000000
556,1010,50,51,20.000000
556,1010,51,52,20.000000
556,1010,52,53,20.000000
556,1010,53,54,20.000000
556,1010,54,55,20.000000
556,1010,55,56,20.000000
556,1010,56,57,20.000000
556,1010,57,58,20.000000
556,1010,58,59,20.000000
556,1010,6,7,20.000000
556,1010,7,8,20.000000
556,1010,8,9,20.000000
556,1010,9,10,20.000000
556,437,28,31,20.000000
556,496,20,21,20.000000
556,555,22,25,20.000000
556,555,27,30,20.000000
556,555,3,6,20.000000
556,555,32,35,20.000000
556,555,36,39,20.000000
556,555,37,40,20.000000
556,555,39,42,20.000000
556,555,40,43,20.000000
556,555,41,44,20.000000
556,555,42,45,20.000000
556,555,43,46,20.000000
556,555,44,47,20.000000
556,555,45,48,20.000000
556,555,46,49,20.000000
556,555,47,50,20.000000
556,555,48,51,20.000000
556,555,49,52,20.000000
556,555,50,53,20.000000
556,556,31,32,20.000000
556,556,9,10,20.000000
556,557,2,5,20.000000
556,624,1,5,20.000000
556,624,18,22,20.000000
556,624,23,27,20.000000
556,624,25,29,20.000000
556,624,29,33,20.000000
556,624,30,34,20.000000
556,624,31,35,20.000000
556,624,32,36,20.000000
556,624,33,37,20.000000
556,624,34,38,20.000000
556,624,35,39,20.000000
556,624,36,40,20.000000
556,624,37,41,20.000000
556,624,38,42,20.000000
556,624,39,43,20.000000
556,624,40,44,20.000000
556,624,41,45,20.000000
556,624,42,46,20.000000
556,624,43,47,20.000000
556,624,44,48,20.000000
556,624,45,49,20.000000
556,624,46,50,20.000000
556,624,47,51,20.000000
556,624,48,52,20.000000
556,624,49,53,20.000000
556,624,50,54,20.000000
557,11,5,6,20.000000
557,11,6,7,20.000000
557,11,7,8,20.000000
557,556,10,13,20.000000
557,556,11,14,20.000000
557,556,12,15,20.000000
557,556,13,16,20.000000
557,556,14,17,20.000000
557,556,15,18,20.000000
557,556,16,19,20.000000
557,556,17,20,20.000000
557,556,18,21,20.000000
557,556,19,22,20.000000
557,556,20,23,20.000000
557,556,21,24,20.000000
557,556,22,25,20.000000
557,556,23,26,20.000000
557,556,24,27,20.000000
557,556,25,28,20.000000
557,556,26,29,20.000000
557,556,27,30,20.000000
557,556,28,31,20.000000
557,556,29,32,20.000000
557,556,30,33,20.000000
557,556,31,34,20.000000
557,556,32,35,20.000000
557,556,33,36,20.000000
557,556,34,37,20.000000
557,556,35,38,20.000000
557,556,36,39,20.000000
557,556,37,40,20.000000
557,556,38,41,20.000000
557,556,39,42,20.000000
557,556,4,7,20.000000
557,556,40,43,20.000000
557,556,41,44,20.000000
557,556,42,45,20.000000
557,556,43,46,20.000000
557,556,44,47,20.000000
557,556,45,48,20.000000
557,556,46,49,20.000000
557,556,47,50,20.000000
557,556,48,51,20.000000
557,556,49,52,20.000000
557,556,5,8,20.000000
557,556,9,12,20.000000
557,557,2,3,20.000000
557,557,3,4,20.000000
557,557,9,10,20.000000
557,558,3,5,20.000000
557,559,4,7,20.000000
557,559,43,46,20.000000
557,624,12,16,20.000000
557,624,13,17,20.000000
557,624,14,18,20.000000
557,624,17,21,20.000000
557,624,19,23,20.000000
557,624,20,24,20.000000
557,624,23,27,20.000000
557,624,25,29,20.000000
557,624,26,30,20.000000
557,624,27,31,20.000000
557,624,28,32,20.000000
557,624,29,33,20.000000
557,624,30,34,20.000000
557,624,31,35,20.000000
557,624,32,36,20.000000
557,624,35,39,20.000000
557,624,36,40,20.000000
557,624,37,41,20.000000
557,624,38,42,20.000000
557,624,39,43,20.000000
557,624,40,44,20.000000
557,630,1,3,20.000000
557,630,5,7,20.000000
558,12,6,7,20.000000
558,12,7,8,20.000000
558,491,3,5,20.000000
558,557,11,13,20.000000
558,557,9,11,20.000000
558,558,9,10,20.000000
558,560,1,3,20.000000
558,560,10,12,20.000000
558,560,12,14,20.000000
558,560,18,20,20.000000
558,560,2,4,20.000000
558,560,20,22,20.000000
558,560,23,25,20.000000
558,560,26,28,20.000000
558,560,29,31,20.000000
558,560,30,32,20.000000
558,560,35,37,20.000000
558,560,37,39,20.000000
558,560,38,40,20.000000
558,560,5,7,20.000000
558,561,4,6,20.000000
559,13,6,7,20.000000
559,13,7,8,20.000000
559,491,1,2,20.000000
559,491,2,3,20.000000
559,491,20,21,20.000000
559,491,23,24,20.000000
559,491,26,27,20.000000
559,491,9,10,20.000000
559,557,10,13,20.000000
559,557,11,14,20.000000
559,557,12,15,20.000000
559,557,14,17,20.000000
559,557,15,18,20.000000
559,557,16,19,20.000000
559,557,17,20,20.000000
559,557,18,21,20.000000
559,557,20,23,20.000000
559,557,22,25,20.000000
559,557,23,26,20.000000
559,557,24,27,20.000000
559,557,25,28,20.000000
559,557,26,29,20.000000
559,557,27,30,20.000000
559,557,28,31,20.000000
559,557,29,32,20.000000
559,557,30,33,20.000000
559,557,31,34,20.000000
559,557,32,35,20.000000
559,557,33,36,20.000000
559,557,34,37,20.000000
559,557,35,38,20.000000
559,557,36,39,20.000000
559,557,39,42,20.000000
559,557,46,49,20.000000
559,557,9,12,20.000000
559,559,9,10,20.000000
559,562,18,21,20.000000
559,562,24,27,20.000000
559,562,4,7,20.000000
559,631,4,7,20.000000
56,602,8,9,20.000000
560,14,6,7,20.000000
560,14,7,8,20.000000
560,495,14,15,20.000000
560,495,20,21,20.000000
560,495,32,33,20.000000
560,495,40,41,20.000000
560,550,2,5,20.000000
560,550,3,6,20.000000
560,550,4,7,20.000000
560,553,1,3,20.000000
560,553,19,21,20.000000
560,553,22,24,20.000000
560,553,25,27,20.000000
560,553,30,32,20.000000
560,553,37,39,20.000000
560,553,39,41,20.000000
560,556,10,13,20.000000
560,556,11,14,20.000000
560,556,12,15,20.000000
560,556,13,16,20.000000
560,556,14,17,20.000000
560,556,15,18,20.000000
560,556,16,19,20.000000
560,556,17,20,20.000000
560,556,18,21,20.000000
560,556,19,22,20.000000
560,556,20,23,20.000000
560,556,21,24,20.000000
560,556,22,25,20.000000
560,556,23,26,20.000000
560,556,24,27,20.000000
560,556,25,28,20.000000
560,556,26,29,20.000000
560,556,27,30,20.000000
560,556,28,31,20.000000
560,556,29,32,20.000000
560,556,30,33,20.000000
560,556,31,34,20.000000
560,556,32,35,20.000000
560,556,33,36,20.000000
560,556,34,37,20.000000
560,556,35,38,20.000000
560,556,36,39,20.000000
560,556,37,40,20.000000
560,556,38,41,20.000000
560,556,39,42,20.000000
560,556,40,43,20.000000
560,556,41,44,20.000000
560,556,42,45,20.000000
560,556,43,46,20.000000
560,556,44,47,20.000000
560,556,45,48,20.000000
560,556,46,49,20.000000
560,556,47,50,20.000000
560,556,9,12,20.000000
560,558,5,7,20.000000
560,560,9,10,20.000000
561,15,6,7,20.000000
561,15,7,8,20.000000
561,494,2,3,20.000000
561,558,1,3,20.000000
561,558,9,11,20.000000
561,560,12,14,20.000000
561,560,13,15,20.000000
561,560,16,18,20.000000
561,560,17,19,20.000000
561,560,18,20,20.000000
561,560,19,21,20.000000
561,560,20,22,20.000000
561,560,28,30,20.000000
561,560,30,32,20.000000
561,560,31,33,20.000000
561,560,33,35,20.000000
561,560,9,11,20.000000
562,16,5,6,20.000000
562,16,7,8,20.000000
562,492,10,11,20.000000
562,492,13,14,20.000000
562,492,2,3,20.000000
562,492,26,27,20.000000
562,492,9,10,20.000000
562,493,11,12,20.000000
562,493,17,18,20.000000
562,559,1,4,20.000000
562,559,12,15,20.000000
562,559,14,17,20.000000
562,559,15,18,20.000000
562,559,17,20,20.000000
562,559,19,22,20.000000
562,559,20,23,20.000000
562,559,21,24,20.000000
562,559,23,26,20.000000
562,559,25,28,20.000000
562,559,27,30,20.000000
562,559,28,31,20.000000
562,559,33,36,20.000000
562,559,36,39,20.000000
562,562,18,19,20.000000
562,563,11,13,20.000000
562,563,21,23,20.000000
562,563,24,26,20.000000
562,563,27,29,20.000000
562,563,28,30,20.000000
562,563,29,31,20.000000
562,563,30,32,20.000000
562,563,31,33,20.000000
562,563,9,11,20.000000
562,567,3,4,20.000000
562,567,6,7,20.000000
563,17,3,4,20.000000
563,17,7,8,20.000000
563,494,32,34,20.000000
563,494,4,6,20.000000
563,551,1,3,20.000000
563,551,11,13,20.000000
563,551,12,14,20.000000
563,551,13,15,20.000000
563,551,19,21,20.000000
563,551,21,23,20.000000
563,551,23,25,20.000000
563,551,24,26,20.000000
563,551,26,28,20.000000
563,551,28,30,20.000000
563,551,29,31,20.000000
563,551,30,32,20.000000
563,551,33,35,20.000000
563,551,36,38,20.000000
563,551,37,39,20.000000
563,551,38,40,20.000000
563,551,39,41,20.000000
563,551,5,7,20.000000
563,562,10,12,20.000000
563,562,12,14,20.000000
563,562,13,15,20.000000
563,562,15,17,20.000000
563,562,26,28,20.000000
563,562,31,33,20.000000
563,562,4,6,20.000000
563,562,9,11,20.000000
563,563,2,3,20.000000
563,563,3,4,20.000000
563,563,9,10,20.000000
564,18,4,5,20.000000
564,18,7,8,20.000000
564,493,11,13,20.000000
564,493,13,15,20.000000
564,493,15,17,20.000000
564,493,17,19,20.000000
564,493,18,20,20.000000
564,493,2,4,20.000000
564,493,20,22,20.000000
564,493,21,23,20.000000
564,493,25,27,20.000000
564,493,28,30,20.000000
564,493,29,31,20.000000
564,493,31,33,20.000000
564,493,32,34,20.000000
564,493,36,38,20.000000
564,493,9,11,20.000000
564,563,1,3,20.000000
564,563,10,12,20.000000
564,563,11,13,20.000000
564,563,13,15,20.000000
564,563,17,19,20.000000
564,563,22,24,20.000000
564,563,24,26,20.000000
564,563,26,28,20.000000
564,564,10,11,20.000000
564,564,12,13,20.000000
564,564,14,15,20.000000
564,564,16,17,20.000000
564,564,17,18,20.000000
564,564,19,20,20.000000
564,564,3,4,20.000000
564,564,9,10,20.000000
564,565,2,3,20.000000
564,565,4,5,20.000000
565,19,4,5,20.000000
565,19,7,8,20.000000
565,564,1,2,20.000000
565,564,10,11,20.000000
565,564,11,12,20.000000
565,564,12,13,20.000000
565,564,13,14,20.000000
565,564,15,16,20.000000
565,564,16,17,20.000000
565,564,18,19,20.000000
565,564,2,3,20.000000
565,564,20,21,20.000000
565,564,21,22,20.000000
565,564,23,24,20.000000
565,564,24,25,20.000000
565,564,25,26,20.000000
565,564,27,28,20.000000
565,564,28,29,20.000000
565,564,3,4,20.000000
565,564,30,31,20.000000
565,564,31,32,20.000000
565,564,35,36,20.000000
565,564,9,10,20.000000
565,565,9,10,20.000000
565,568,3,5,20.000000
565,568,5,7,20.000000
566,20,1,2,20.000000
566,20,7,8,20.000000
566,500,3,5,20.000000
566,559,12,14,20.000000
566,559,18,20,20.000000
566,559,21,23,20.000000
566,559,24,26,20.000000
566,559,30,32,20.000000
566,559,32,34,20.000000
566,559,33,35,20.000000
566,559,9,11,20.000000
566,566,2,3,20.000000
566,567,9,12,20.000000
567,21,1,2,20.000000
567,21,7,8,20.000000
567,499,4,6,20.000000
567,562,10,11,20.000000
567,562,12,13,20.000000
567,562,16,17,20.000000
567,562,17,18,20.000000
567,562,2,3,20.000000
567,562,23,24,20.000000
567,562,25,26,20.000000
567,562,28,29,20.000000
567,562,9,10,20.000000
567,567,9,10,20.000000
568,22,3,4,20.000000
568,22,7,8,20.000000
568,533,9,10,20.000000
568,565,1,3,20.000000
568,565,11,13,20.000000
568,565,14,16,20.000000
568,565,18,20,20.000000
568,565,19,21,20.000000
568,565,21,23,20.000000
568,565,22,24,20.000000
568,565,23,25,20.000000
568,565,25,27,20.000000
568,565,26,28,20.000000
568,565,28,30,20.000000
568,565,29,31,20.000000
568,565,33,35,20.000000
568,565,5,7,20.000000
568,565,9,11,20.000000
568,574,2,4,20.000000
569,23,4,5,20.000000
569,23,7,8,20.000000
569,499,12,13,20.000000
569,499,13,14,20.000000
569,499,17,18,20.000000
569,499,2,3,20.000000
569,499,20,21,20.000000
569,499,22,23,20.000000
569,499,24,25,20.000000
569,499,25,26,20.000000
569,499,9,10,20.000000
569,565,1,4,20.000000
569,565,12,15,20.000000
569,565,15,18,20.000000
569,565,9,12,20.000000
569,570,4,7,20.000000
57,57,6,7,20.000000
57,57,7,8,20.000000
57,603,8,9,20.000000
570,24,4,5,20.000000
570,24,7,8,20.000000
570,500,1,2,20.000000
570,500,15,16,20.000000
570,500,18,19,20.000000
570,500,2,3,20.000000
570,500,21,22,20.000000
570,500,26,27,20.000000
570,500,28,29,20.000000
570,500,29,30,20.000000
570,500,9,10,20.000000
570,569,9,12,20.000000
571,25,6,7,20.000000
571,25,7,8,20.000000
571,501,14,15,20.000000
571,501,17,18,20.000000
571,501,9,10,20.000000
571,571,2,3,20.000000
571,631,11,15,20.000000
571,631,12,16,20.000000
571,631,13,17,20.000000
571,631,14,18,20.000000
571,631,17,21,20.000000
571,631,18,22,20.000000
571,631,20,24,20.000000
571,631,21,25,20.000000
571,631,22,26,20.000000
571,631,23,27,20.000000
571,631,25,29,20.000000
571,631,26,30,20.000000
571,631,27,31,20.000000
571,631,28,32,20.000000
571,631,29,33,20.000000
571,631,30,34,20.000000
571,631,32,36,20.000000
571,631,36,40,20.000000
571,631,9,13,20.000000
571,632,1,4,20.000000
571,632,23,26,20.000000
571,637,3,5,20.000000
572,26,2,3,20.000000
572,26,7,8,20.000000
572,569,13,17,20.000000
572,569,16,20,20.000000
572,569,9,13,20.000000
572,570,1,4,20.000000
572,570,12,15,20.000000
572,570,15,18,20.000000
572,570,18,21,20.000000
572,570,23,26,20.000000
572,570,25,28,20.000000
572,570,26,29,20.000000
572,571,11,14,20.000000
572,571,14,17,20.000000
572,571,20,23,20.000000
572,571,22,25,20.000000
572,571,24,27,20.000000
572,571,3,6,20.000000
572,571,33,36,20.000000
572,571,9,12,20.000000
573,27,2,3,20.000000
573,27,7,8,20.000000
573,531,9,10,20.000000
573,569,1,4,20.000000
573,569,12,15,20.000000
573,569,19,22,20.000000
573,569,21,24,20.000000
573,569,9,12,20.000000
573,572,4,7,20.000000
574,28,4,5,20.000000
574,28,7,8,20.000000
574,532,9,11,20.000000
574,568,1,3,20.000000
574,568,12,14,20.000000
574,568,16,18,20.000000
574,568,17,19,20.000000
574,568,19,21,20.000000
574,568,20,22,20.000000
574,568,21,23,20.000000
574,568,23,25,20.000000
574,568,24,26,20.000000
574,568,26,28,20.000000
574,568,27,29,20.000000
574,568,31,33,20.000000
574,568,9,11,20.000000
574,574,2,3,20.000000
574,574,3,4,20.000000
574,575,4,7,20.000000
575,29,4,5,20.000000
575,29,7,8,20.000000
575,528,1,2,20.000000
575,528,12,13,20.000000
575,528,20,21,20.000000
575,528,9,10,20.000000
575,530,2,5,20.000000
575,574,13,16,20.000000
575,574,14,17,20.000000
575,574,16,19,20.000000
575,574,17,20,20.000000
575,574,18,21,20.000000
575,574,20,23,20.000000
575,574,21,24,20.000000
575,574,23,26,20.000000
575,574,24,27,20.000000
575,574,28,31,20.000000
575,574,9,12,20.000000
576,30,4,5,20.000000
576,30,7,8,20.000000
576,572,1,3,20.000000
576,572,10,12,20.000000
576,572,11,13,20.000000
576,572,12,14,20.000000
576,572,13,15,20.000000
576,572,14,16,20.000000
576,572,16,18,20.000000
576,572,18,20,20.000000
576,572,20,22,20.000000
576,572,21,23,20.000000
576,572,22,24,20.000000
576,572,23,25,20.000000
576,572,24,26,20.000000
576,572,31,33,20.000000
576,572,9,11,20.000000
576,576,9,10,20.000000
576,637,12,15,20.000000
576,637,2,5,20.000000
576,637,24,27,20.000000
576,637,4,7,20.000000
577,31,6,7,20.000000
577,31,7,8,20.000000
577,530,1,2,20.000000
577,530,12,13,20.000000
577,530,15,16,20.000000
577,530,16,17,20.000000
577,530,17,18,20.000000
577,530,18,19,20.000000
577,530,19,20,20.000000
577,530,2,3,20.000000
577,530,21,22,20.000000
577,530,22,23,20.000000
577,530,26,27,20.000000
577,530,27,28,20.000000
577,530,9,10,20.000000
577,573,16,19,20.000000
577,573,18,21,20.000000
577,573,4,7,20.000000
577,573,9,12,20.000000
577,576,4,7,20.000000
578,32,6,7,20.000000
578,32,7,8,20.000000
578,576,1,4,20.000000
578,576,10,13,20.000000
578,576,13,16,20.000000
578,576,15,18,20.000000
578,576,17,20,20.000000
578,576,18,21,20.000000
578,576,19,22,20.000000
578,576,20,23,20.000000
578,576,21,24,20.000000
578,576,28,31,20.000000
578,576,9,12,20.000000
578,577,12,15,20.000000
578,577,13,16,20.000000
578,577,14,17,20.000000
578,577,15,18,20.000000
578,577,16,19,20.000000
578,577,19,22,20.000000
578,577,23,26,20.000000
578,577,24,27,20.000000
578,578,9,10,20.000000
578,580,2,5,20.000000
578,580,4,7,20.000000
578,643,20,22,20.000000
578,643,5,7,20.000000
578,645,4,7,20.000000
579,33,4,5,20.000000
579,33,7,8,20.000000
579,578,24,28,20.000000
579,578,3,7,20.000000
579,579,2,3,20.000000
579,579,9,10,20.000000
579,580,1,4,20.000000
579,580,10,13,20.000000
579,580,11,14,20.000000
579,580,12,15,20.000000
579,580,13,16,20.000000
579,580,14,17,20.000000
579,580,15,18,20.000000
579,580,21,24,20.000000
579,580,9,12,20.000000
58,58,6,7,20.000000
58,58,7,8,20.000000
58,604,8,9,20.000000
580,34,5,6,20.000000
580,34,7,8,20.000000
580,545,1,2,20.000000
580,545,13,14,20.000000
580,545,15,16,20.000000
580,545,18,19,20.000000
580,545,4,5,20.000000
580,545,9,10,20.000000
580,575,12,16,20.000000
580,575,13,17,20.000000
580,575,14,18,20.000000
580,575,16,20,20.000000
580,575,17,21,20.000000
580,575,20,24,20.000000
580,575,24,28,20.000000
580,575,9,13,20.000000
580,578,2,5,20.000000
581,35,5,6,20.000000
581,35,7,8,20.000000
581,575,1,4,20.000000
581,575,11,14,20.000000
581,575,17,20,20.000000
581,575,20,23,20.000000
581,575,9,12,20.000000
581,581,10,11,20.000000
581,581,2,3,20.000000
581,581,3,4,20.000000
581,581,4,5,20.000000
581,581,5,6,20.000000
581,581,6,7,20.000000
581,581,9,10,20.000000
582,36,5,6,20.000000
582,579,4,7,20.000000
582,580,16,20,20.000000
582,580,9,13,20.000000
582,581,1,5,20.000000
582,581,13,17,20.000000
582,581,16,20,20.000000
582,582,2,3,20.000000
582,582,3,4,20.000000
583,37,2,3,20.000000
583,37,7,8,20.000000
583,540,1,2,20.000000
583,540,10,11,20.000000
583,540,9,10,20.000000
583,583,9,10,20.000000
584,38,7,8,20.000000
584,588,2,7,20.000000
584,605,1,6,20.000000
584,605,9,14,20.000000
585,39,2,3,20.000000
585,401,1,2,20.000000
585,401,4,5,20.000000
585,401,9,10,20.000000
586,40,2,3,20.000000
586,585,1,4,20.000000
586,588,9,12,20.000000
587,400,2,3,20.000000
587,400,9,10,20.000000
587,41,5,6,20.000000
587,41,7,8,20.000000
587,592,1,4,20.000000
587,592,14,17,20.000000
587,592,9,12,20.000000
588,397,1,4,20.000000
588,397,12,15,20.000000
588,42,7,8,20.000000
588,584,2,7,20.000000
588,587,11,14,20.000000
588,588,10,11,20.000000
588,588,9,10,20.000000
589,43,7,8,20.000000
589,591,1,4,20.000000
589,591,12,15,20.000000
589,591,4,7,20.000000
589,591,9,12,20.000000
589,594,2,5,20.000000
59,59,7,8,20.000000
59,605,8,9,20.000000
590,44,7,8,20.000000
590,589,1,4,20.000000
590,589,4,7,20.000000
590,589,9,12,20.000000
590,776,2,5,20.000000
591,441,1,3,20.000000
591,441,10,12,20.000000
591,441,12,14,20.000000
591,441,15,17,20.000000
591,441,20,22,20.000000
591,441,4,6,20.000000
591,45,5,6,20.000000
591,45,7,8,20.000000
591,591,9,10,20.000000
591,613,12,15,20.000000
591,613,15,18,20.000000
591,613,2,5,20.000000
591,613,4,7,20.000000
591,613,9,12,20.000000
592,46,4,5,20.000000
592,587,4,7,20.000000
592,591,1,4,20.000000
592,591,12,15,20.000000
592,591,17,20,20.000000
592,591,2,5,20.000000
592,591,9,12,20.000000
593,429,9,10,20.000000
593,431,2,3,20.000000
593,47,5,6,20.000000
593,595,1,4,20.000000
593,595,11,14,20.000000
593,595,4,7,20.000000
594,48,5,6,20.000000
594,593,1,4,20.000000
594,593,2,5,20.000000
594,596,9,12,20.000000
595,432,2,4,20.000000
595,49,7,8,20.000000
595,612,1,4,20.000000
595,612,14,17,20.000000
595,612,9,12,20.000000
595,617,4,7,20.000000
596,50,7,8,20.000000
596,612,12,15,20.000000
596,612,13,16,20.000000
596,612,2,5,20.000000
596,612,4,7,20.000000
596,612,9,12,20.000000
596,613,1,4,20.000000
597,431,9,11,20.000000
597,51,5,6,20.000000
597,599,1,4,20.000000
597,778,2,6,20.000000
598,52,2,3,20.000000
598,52,7,8,20.000000
598,616,1,3,20.000000
598,616,9,11,20.000000
598,620,9,11,20.000000
599,53,6,7,20.000000
599,53,7,8,20.000000
599,599,9,10,20.000000
599,616,1,4,20.000000
599,616,4,7,20.000000
599,616,9,12,20.000000
599,617,10,13,20.000000
599,617,2,5,20.000000
6,552,8,9,20.000000
6,6,6,7,20.000000
6,6,7,8,20.000000
60,60,6,7,20.000000
60,60,7,8,20.000000
60,606,8,9,20.000000
600,54,2,3,20.000000
600,602,1,4,20.000000
600,602,4,7,20.000000
600,605,14,17,20.000000
600,605,9,12,20.000000
601,394,9,10,20.000000
601,55,5,6,20.000000
601,600,1,4,20.000000
601,600,11,14,20.000000
601,603,2,5,20.000000
602,56,7,8,20.000000
602,607,1,4,20.000000
602,607,12,15,20.000000
602,607,4,7,20.000000
602,607,9,12,20.000000
602,671,1,4,20.000000
602,671,4,7,20.000000
603,57,5,6,20.000000
603,601,2,5,20.000000
603,602,1,4,20.000000
603,602,9,12,20.000000
604,399,1,3,20.000000
604,399,10,12,20.000000
604,399,13,15,20.000000
604,399,15,17,20.000000
604,399,16,18,20.000000
604,399,17,19,20.000000
604,399,20,22,20.000000
604,399,4,6,20.000000
604,399,9,11,20.000000
604,58,5,6,20.000000
604,58,7,8,20.000000
604,587,2,5,20.000000
604,604,9,10,20.000000
605,59,6,7,20.000000
605,604,1,4,20.000000
605,604,10,13,20.000000
605,604,12,15,20.000000
605,604,14,17,20.000000
605,604,17,20,20.000000
605,604,4,7,20.000000
605,605,2,3,20.000000
605,605,3,4,20.000000
605,605,9,10,20.000000
606,403,1,2,20.000000
606,403,10,11,20.000000
606,403,12,13,20.000000
606,403,15,16,20.000000
606,403,18,19,20.000000
606,403,4,5,20.000000
606,403,9,10,20.000000
606,60,5,6,20.000000
606,60,7,8,20.000000
606,606,9,10,20.000000
606,675,2,5,20.000000
607,606,1,4,20.000000
607,606,12,15,20.000000
607,606,15,18,20.000000
607,606,2,5,20.000000
607,606,4,7,20.000000
607,606,9,12,20.000000
607,61,7,8,20.000000
608,592,1,4,20.000000
608,608,9,10,20.000000
608,613,10,13,20.000000
608,613,2,5,20.000000
608,613,9,12,20.000000
608,62,5,6,20.000000
608,62,7,8,20.000000
609,399,9,10,20.000000
609,608,2,5,20.000000
609,608,4,7,20.000000
609,611,1,4,20.000000
609,611,13,16,20.000000
609,611,20,23,20.000000
609,611,9,12,20.000000
609,63,6,7,20.000000
609,63,7,8,20.000000
61,607,8,9,20.000000
610,610,9,10,20.000000
610,615,10,13,20.000000
610,615,12,15,20.000000
610,615,15,18,20.000000
610,615,16,19,20.000000
610,615,18,21,20.000000
610,615,19,22,20.000000
610,615,21,24,20.000000
610,615,25,28,20.000000
610,615,9,12,20.000000
610,64,5,6,20.000000
610,64,7,8,20.000000
610,679,1,4,20.000000
610,679,2,5,20.000000
611,610,12,15,20.000000
611,610,13,16,20.000000
611,610,15,18,20.000000
611,610,16,19,20.000000
611,610,2,5,20.000000
611,610,22,25,20.000000
611,610,4,7,20.000000
611,610,9,12,20.000000
611,65,7,8,20.000000
611,680,1,4,20.000000
611,680,12,15,20.000000
611,680,23,26,20.000000
611,680,4,7,20.000000
612,440,12,14,20.000000
612,612,9,10,20.000000
612,614,1,3,20.000000
612,614,10,12,20.000000
612,614,12,14,20.000000
612,614,15,17,20.000000
612,614,16,18,20.000000
612,614,17,19,20.000000
612,614,2,4,20.000000
612,614,4,6,20.000000
612,614,9,11,20.000000
612,66,5,6,20.000000
612,66,7,8,20.000000
613,440,12,13,20.000000
613,440,9,10,20.000000
613,613,1,2,20.000000
613,615,1,3,20.000000
613,615,12,14,20.000000
613,615,13,15,20.000000
613,615,15,17,20.000000
613,615,18,20,20.000000
613,615,2,4,20.000000
613,615,4,6,20.000000
613,615,5,7,20.000000
613,615,9,11,20.000000
613,67,5,6,20.000000
613,67,7,8,20.000000
614,439,16,18,20.000000
614,439,18,20,20.000000
614,439,9,11,20.000000
614,554,11,14,20.000000
614,554,12,15,20.000000
614,554,14,17,20.000000
614,554,17,20,20.000000
614,554,18,21,20.000000
614,554,2,5,20.000000
614,554,23,26,20.000000
614,554,3,6,20.000000
614,554,4,7,20.000000
614,554,9,12,20.000000
614,619,18,21,20.000000
614,619,22,25,20.000000
614,619,27,30,20.000000
614,622,1,4,20.000000
614,622,13,16,20.000000
614,622,16,19,20.000000
614,622,19,22,20.000000
614,622,28,31,20.000000
614,68,6,7,20.000000
614,68,7,8,20.000000
615,439,1,2,20.000000
615,439,12,13,20.000000
615,439,13,14,20.000000
615,439,15,16,20.000000
615,439,19,20,20.000000
615,439,28,29,20.000000
615,439,9,10,20.000000
615,622,1,4,20.000000
615,622,11,14,20.000000
615,622,14,17,20.000000
615,622,15,18,20.000000
615,622,17,20,20.000000
615,622,18,21,20.000000
615,622,20,23,20.000000
615,622,21,24,20.000000
615,622,22,25,20.000000
615,622,24,27,20.000000
615,622,28,31,20.000000
615,622,3,6,20.000000
615,622,4,7,20.000000
615,622,9,12,20.000000
615,69,6,7,20.000000
615,69,7,8,20.000000
616,433,9,12,20.000000
616,598,5,7,20.000000
616,616,1,2,20.000000
616,618,11,13,20.000000
616,618,12,14,20.000000
616,618,2,4,20.000000
616,618,3,5,20.000000
616,618,4,6,20.000000
616,618,9,11,20.000000
616,620,2,4,20.000000
616,70,6,7,20.000000
616,70,7,8,20.000000
617,433,2,3,20.000000
617,433,9,10,20.000000
617,599,4,7,20.000000
617,617,10,11,20.000000
617,617,9,10,20.000000
617,619,1,3,20.000000
617,619,11,13,20.000000
617,619,13,15,20.000000
617,71,5,6,20.000000
617,71,7,8,20.000000
618,434,14,17,20.000000
618,548,1,3,20.000000
618,548,10,12,20.000000
618,548,11,13,20.000000
618,548,3,5,20.000000
618,548,5,7,20.000000
618,552,11,14,20.000000
618,552,12,15,20.000000
618,552,13,16,20.000000
618,552,4,7,20.000000
618,552,9,12,20.000000
618,618,2,3,20.000000
618,618,9,10,20.000000
618,621,14,16,20.000000
618,72,6,7,20.000000
618,72,7,8,20.000000
619,552,10,13,20.000000
619,552,2,5,20.000000
619,552,21,24,20.000000
619,552,25,28,20.000000
619,552,30,33,20.000000
619,554,15,18,20.000000
619,554,9,12,20.000000
619,614,13,16,20.000000
619,617,2,4,20.000000
619,619,1,2,20.000000
619,619,9,10,20.000000
619,73,3,4,20.000000
619,73,7,8,20.000000
62,608,8,9,20.000000
62,62,6,7,20.000000
62,62,7,8,20.000000
620,616,3,5,20.000000
620,621,1,2,20.000000
620,621,11,12,20.000000
620,621,2,3,20.000000
620,621,4,5,20.000000
620,621,9,10,20.000000
620,74,5,6,20.000000
621,547,16,18,20.000000
621,547,2,4,20.000000
621,547,3,5,20.000000
621,547,5,7,20.000000
621,547,9,11,20.000000
621,618,10,12,20.000000
621,618,12,14,20.000000
621,618,9,11,20.000000
621,620,2,3,20.000000
621,620,4,5,20.000000
621,75,1,2,20.000000
621,75,7,8,20.000000
622,540,22,24,20.000000
622,554,18,22,20.000000
622,554,21,25,20.000000
622,554,22,26,20.000000
622,554,24,28,20.000000
622,554,27,31,20.000000
622,554,30,34,20.000000
622,554,9,13,20.000000
622,555,1,4,20.000000
622,555,10,13,20.000000
622,555,12,15,20.000000
622,555,13,16,20.000000
622,555,14,17,20.000000
622,555,16,19,20.000000
622,555,17,20,20.000000
622,555,18,21,20.000000
622,555,19,22,20.000000
622,555,2,5,20.000000
622,555,20,23,20.000000
622,555,21,24,20.000000
622,555,23,26,20.000000
622,555,25,28,20.000000
622,555,27,30,20.000000
622,555,31,34,20.000000
622,555,33,36,20.000000
622,555,4,7,20.000000
622,555,9,12,20.000000
622,614,15,18,20.000000
622,614,24,27,20.000000
622,615,25,28,20.000000
622,622,9,10,20.000000
622,623,14,17,20.000000
622,623,17,20,20.000000
622,623,24,27,20.000000
622,623,30,33,20.000000
622,623,31,34,20.000000
622,623,4,7,20.000000
622,625,4,7,20.000000
622,76,4,5,20.000000
622,76,6,7,20.000000
622,76,7,8,20.000000
623,622,12,15,20.000000
623,622,14,17,20.000000
623,622,15,18,20.000000
623,622,18,21,20.000000
623,622,19,22,20.000000
623,622,21,24,20.000000
623,622,22,25,20.000000
623,622,24,27,20.000000
623,622,27,30,20.000000
623,622,30,33,20.000000
623,623,1,2,20.000000
623,623,2,3,20.000000
623,623,3,4,20.000000
623,624,12,15,20.000000
623,624,16,19,20.000000
623,624,17,20,20.000000
623,624,20,23,20.000000
623,624,22,25,20.000000
623,624,23,26,20.000000
623,624,27,30,20.000000
623,624,28,31,20.000000
623,624,29,32,20.000000
623,624,3,6,20.000000
623,624,33,36,20.000000
623,624,34,37,20.000000
623,624,4,7,20.000000
623,624,9,12,20.000000
623,77,7,8,20.000000
624,555,12,14,20.000000
624,555,15,17,20.000000
624,555,24,26,20.000000
624,555,25,27,20.000000
624,555,27,29,20.000000
624,555,28,30,20.000000
624,555,29,31,20.000000
624,555,30,32,20.000000
624,555,31,33,20.000000
624,555,32,34,20.000000
624,555,34,36,20.000000
624,555,35,37,20.000000
624,555,36,38,20.000000
624,555,39,41,20.000000
624,555,9,11,20.000000
624,556,11,15,20.000000
624,556,12,16,20.000000
624,556,13,17,20.000000
624,556,14,18,20.000000
624,556,15,19,20.000000
624,556,16,20,20.000000
624,556,17,21,20.000000
624,556,18,22,20.000000
624,556,19,23,20.000000
624,556,20,24,20.000000
624,556,21,25,20.000000
624,556,22,26,20.000000
624,556,23,27,20.000000
624,556,24,28,20.000000
624,556,25,29,20.000000
624,556,26,30,20.000000
624,556,27,31,20.000000
624,556,28,32,20.000000
624,556,29,33,20.000000
624,556,3,7,20.000000
624,556,30,34,20.000000
624,556,31,35,20.000000
624,556,32,36,20.000000
624,556,33,37,20.000000
624,556,34,38,20.000000
624,556,35,39,20.000000
624,556,36,40,20.000000
624,556,37,41,20.000000
624,556,38,42,20.000000
624,556,39,43,20.000000
624,556,40,44,20.000000
624,556,41,45,20.000000
624,556,42,46,20.000000
624,556,43,47,20.000000
624,556,44,48,20.000000
624,556,45,49,20.000000
624,556,46,50,20.000000
624,556,47,51,20.000000
624,556,48,52,20.000000
624,556,49,53,20.000000
624,556,50,54,20.000000
624,556,51,55,20.000000
624,556,52,56,20.000000
624,556,53,57,20.000000
624,556,54,58,20.000000
624,556,9,13,20.000000
624,557,24,28,20.000000
624,557,3,7,20.000000
624,557,31,35,20.000000
624,557,32,36,20.000000
624,557,33,37,20.000000
624,557,34,38,20.000000
624,557,35,39,20.000000
624,557,36,40,20.000000
624,557,37,41,20.000000
624,557,39,43,20.000000
624,557,40,44,20.000000
624,557,41,45,20.000000
624,557,42,46,20.000000
624,557,43,47,20.000000
624,557,44,48,20.000000
624,624,2,3,20.000000
624,624,23,24,20.000000
624,626,1,4,20.000000
624,626,25,28,20.000000
624,626,4,7,20.000000
624,78,5,6,20.000000
624,78,6,7,20.000000
624,78,7,8,20.000000
625,554,31,33,20.000000
625,554,37,39,20.000000
625,555,10,11,20.000000
625,555,14,15,20.000000
625,555,17,18,20.000000
625,555,2,3,20.000000
625,555,20,21,20.000000
625,555,21,22,20.000000
625,555,9,10,20.000000
625,622,1,4,20.000000
625,625,9,10,20.000000
625,79,3,4,20.000000
625,79,7,8,20.000000
626,624,11,14,20.000000
626,624,12,15,20.000000
626,624,15,18,20.000000
626,624,20,23,20.000000
626,624,21,24,20.000000
626,624,22,25,20.000000
626,624,24,27,20.000000
626,624,25,28,20.000000
626,624,28,31,20.000000
626,624,29,32,20.000000
626,624,31,34,20.000000
626,624,32,35,20.000000
626,624,36,39,20.000000
626,626,9,10,20.000000
626,630,1,3,20.000000
626,630,10,12,20.000000
626,630,2,4,20.000000
626,630,9,11,20.000000
626,80,4,5,20.000000
626,80,7,8,20.000000
627,486,2,4,20.000000
627,623,11,14,20.000000
627,623,12,15,20.000000
627,623,13,16,20.000000
627,623,15,18,20.000000
627,623,16,19,20.000000
627,623,19,22,20.000000
627,623,21,24,20.000000
627,623,24,27,20.000000
627,623,27,30,20.000000
627,623,9,12,20.000000
627,627,10,11,20.000000
627,627,9,10,20.000000
627,81,1,2,20.000000
627,81,7,8,20.000000
628,485,10,11,20.000000
628,485,12,13,20.000000
628,485,16,17,20.000000
628,485,17,18,20.000000
628,485,19,20,20.000000
628,485,20,21,20.000000
628,485,22,23,20.000000
628,485,26,27,20.000000
628,485,28,29,20.000000
628,485,29,30,20.000000
628,485,32,33,20.000000
628,485,9,10,20.000000
628,628,9,10,20.000000
628,629,1,4,20.000000
628,631,12,15,20.000000
628,632,4,7,20.000000
628,82,2,3,20.000000
628,82,7,8,20.000000
629,484,12,14,20.000000
629,484,15,17,20.000000
629,484,3,5,20.000000
629,484,9,11,20.000000
629,628,1,4,20.000000
629,628,9,12,20.000000
629,629,2,3,20.000000
629,83,4,5,20.000000
629,83,7,8,20.000000
63,609,8,9,20.000000
63,63,7,8,20.000000
630,557,1,3,20.000000
630,557,11,13,20.000000
630,557,12,14,20.000000
630,557,2,4,20.000000
630,557,3,5,20.000000
630,557,4,6,20.000000
630,557,9,11,20.000000
630,626,9,11,20.000000
630,84,3,4,20.000000
630,84,7,8,20.000000
631,489,11,13,20.000000
631,489,15,17,20.000000
631,489,17,19,20.000000
631,489,18,20,20.000000
631,489,22,24,20.000000
631,489,25,27,20.000000
631,489,31,33,20.000000
631,489,33,35,20.000000
631,490,1,2,20.000000
631,490,12,13,20.000000
631,490,13,14,20.000000
631,490,14,15,20.000000
631,490,16,17,20.000000
631,490,18,19,20.000000
631,490,2,3,20.000000
631,490,21,22,20.000000
631,490,23,24,20.000000
631,490,24,25,20.000000
631,490,26,27,20.000000
631,490,27,28,20.000000
631,490,29,30,20.000000
631,490,30,31,20.000000
631,490,32,33,20.000000
631,490,33,34,20.000000
631,490,34,35,20.000000
631,490,36,37,20.000000
631,490,40,41,20.000000
631,490,9,10,20.000000
631,559,13,16,20.000000
631,559,15,18,20.000000
631,559,21,24,20.000000
631,559,22,25,20.000000
631,559,24,27,20.000000
631,559,26,29,20.000000
631,559,30,33,20.000000
631,559,4,7,20.000000
631,559,9,12,20.000000
631,85,3,4,20.000000
631,85,7,8,20.000000
632,628,13,16,20.000000
632,628,14,17,20.000000
632,628,16,19,20.000000
632,628,17,20,20.000000
632,628,19,22,20.000000
632,628,23,26,20.000000
632,628,25,28,20.000000
632,628,26,29,20.000000
632,628,29,32,20.000000
632,628,4,7,20.000000
632,628,9,12,20.000000
632,633,1,4,20.000000
632,636,28,31,20.000000
632,636,9,12,20.000000
632,86,2,3,20.000000
632,86,7,8,20.000000
633,478,1,3,20.000000
633,629,12,15,20.000000
633,629,4,7,20.000000
633,629,9,12,20.000000
633,633,2,3,20.000000
633,633,3,4,20.000000
633,87,4,5,20.000000
634,502,10,12,20.000000
634,502,12,14,20.000000
634,502,13,15,20.000000
634,502,15,17,20.000000
634,502,16,18,20.000000
634,502,19,21,20.000000
634,502,21,23,20.000000
634,502,25,27,20.000000
634,502,3,5,20.000000
634,502,9,11,20.000000
634,571,18,22,20.000000
634,571,24,28,20.000000
634,571,28,32,20.000000
634,634,2,3,20.000000
634,634,9,10,20.000000
634,88,1,2,20.000000
634,88,7,8,20.000000
635,504,1,2,20.000000
635,504,12,13,20.000000
635,504,15,16,20.000000
635,504,18,19,20.000000
635,504,2,3,20.000000
635,504,9,10,20.000000
635,634,21,24,20.000000
635,634,9,12,20.000000
635,89,4,5,20.000000
635,89,7,8,20.000000
636,631,1,3,20.000000
636,631,10,12,20.000000
636,631,11,13,20.000000
636,631,12,14,20.000000
636,631,16,18,20.000000
636,631,19,21,20.000000
636,631,2,4,20.000000
636,631,20,22,20.000000
636,631,21,23,20.000000
636,631,22,24,20.000000
636,631,24,26,20.000000
636,631,28,30,20.000000
636,631,31,33,20.000000
636,631,9,11,20.000000
636,636,9,10,20.000000
636,90,6,7,20.000000
636,90,7,8,20.000000
637,571,11,13,20.000000
637,571,12,14,20.000000
637,571,15,17,20.000000
637,571,16,18,20.000000
637,571,18,20,20.000000
637,571,19,21,20.000000
637,571,21,23,20.000000
637,571,24,26,20.000000
637,571,27,29,20.000000
637,571,28,30,20.000000
637,571,5,7,20.000000
637,571,9,11,20.000000
637,576,1,4,20.000000
637,637,10,11,20.000000
637,637,2,3,20.000000
637,637,3,4,20.000000
637,637,9,10,20.000000
637,644,4,7,20.000000
637,91,5,6,20.000000
637,91,7,8,20.000000
638,707,1,4,20.000000
638,707,12,15,20.000000
638,707,15,18,20.000000
638,707,2,5,20.000000
638,707,9,12,20.000000
638,92,7,8,20.000000
639,505,10,11,20.000000
639,505,12,13,20.000000
639,505,13,14,20.000000
639,505,15,16,20.000000
639,505,16,17,20.000000
639,505,18,19,20.000000
639,505,19,20,20.000000
639,505,2,3,20.000000
639,505,20,21,20.000000
639,505,22,23,20.000000
639,505,25,26,20.000000
639,505,9,10,20.000000
639,506,1,2,20.000000
639,639,9,10,20.000000
639,93,4,5,20.000000
639,93,7,8,20.000000
64,610,8,9,20.000000
64,64,6,7,20.000000
64,64,7,8,20.000000
640,635,1,4,20.000000
640,635,12,15,20.000000
640,635,15,18,20.000000
640,635,18,21,20.000000
640,635,9,12,20.000000
640,638,2,7,20.000000
640,94,7,8,20.000000
641,639,1,4,20.000000
641,639,10,13,20.000000
641,639,12,15,20.000000
641,639,13,16,20.000000
641,639,15,18,20.000000
641,639,16,19,20.000000
641,639,17,20,20.000000
641,639,19,22,20.000000
641,639,22,25,20.000000
641,639,4,7,20.000000
641,639,9,12,20.000000
641,641,2,3,20.000000
641,641,3,4,20.000000
641,641,9,10,20.000000
641,646,4,7,20.000000
641,95,4,5,20.000000
641,95,7,8,20.000000
642,640,12,15,20.000000
642,640,15,18,20.000000
642,640,4,7,20.000000
642,640,9,12,20.000000
642,641,1,4,20.000000
642,649,2,5,20.000000
642,96,7,8,20.000000
643,576,10,12,20.000000
643,576,12,14,20.000000
643,576,22,24,20.000000
643,576,9,11,20.000000
643,578,2,4,20.000000
643,578,4,6,20.000000
643,643,9,10,20.000000
643,97,1,2,20.000000
643,97,7,8,20.000000
644,637,13,16,20.000000
644,637,15,18,20.000000
644,637,16,19,20.000000
644,637,18,21,20.000000
644,637,21,24,20.000000
644,637,25,28,20.000000
644,637,9,12,20.000000
644,643,1,4,20.000000
644,643,9,12,20.000000
644,646,2,5,20.000000
644,98,4,5,20.000000
644,98,7,8,20.000000
645,578,1,4,20.000000
645,578,10,13,20.000000
645,578,11,14,20.000000
645,578,12,15,20.000000
645,578,14,17,20.000000
645,578,16,19,20.000000
645,578,17,20,20.000000
645,578,20,23,20.000000
645,578,9,12,20.000000
645,645,2,3,20.000000
645,645,3,4,20.000000
645,645,9,10,20.000000
645,647,3,6,20.000000
645,647,4,7,20.000000
645,652,5,7,20.000000
645,99,4,5,20.000000
645,99,7,8,20.000000
646,100,5,6,20.000000
646,100,7,8,20.000000
646,1100,9,10,20.000000
646,641,1,4,20.000000
646,641,13,16,20.000000
646,641,4,7,20.000000
646,644,10,13,20.000000
646,644,12,15,20.000000
646,644,13,16,20.000000
646,644,15,18,20.000000
646,644,18,21,20.000000
646,644,22,25,20.000000
646,646,11,12,20.000000
646,646,12,13,20.000000
646,646,2,3,20.000000
646,646,3,4,20.000000
646,646,9,10,20.000000
647,101,6,7,20.000000
647,101,7,8,20.000000
647,524,11,12,20.000000
647,524,12,13,20.000000
647,524,14,15,20.000000
647,524,15,16,20.000000
647,524,17,18,20.000000
647,524,20,21,20.000000
647,524,9,10,20.000000
647,579,9,11,20.000000
647,645,1,4,20.000000
647,645,2,5,20.000000
648,102,4,5,20.000000
648,102,7,8,20.000000
648,641,10,13,20.000000
648,641,12,15,20.000000
648,641,14,17,20.000000
648,641,16,19,20.000000
648,641,19,22,20.000000
648,641,9,12,20.000000
648,648,9,10,20.000000
648,649,1,4,20.000000
648,653,1,4,20.000000
649,103,5,6,20.000000
649,642,1,4,20.000000
649,642,12,15,20.000000
649,642,4,7,20.000000
649,642,9,12,20.000000
649,651,2,5,20.000000
649,825,4,7,20.000000
65,611,8,9,20.000000
650,104,5,6,20.000000
650,104,7,8,20.000000
650,648,1,4,20.000000
650,648,11,14,20.000000
650,648,13,16,20.000000
650,648,16,19,20.000000
650,648,4,7,20.000000
650,648,9,12,20.000000
650,650,10,11,20.000000
650,650,2,3,20.000000
650,650,3,4,20.000000
650,650,9,10,20.000000
651,105,5,6,20.000000
651,649,1,4,20.000000
651,649,9,12,20.000000
651,827,2,5,20.000000
652,106,4,5,20.000000
652,106,7,8,20.000000
652,525,2,3,20.000000
652,645,1,3,20.000000
652,645,10,12,20.000000
652,645,12,14,20.000000
652,645,14,16,20.000000
652,645,15,17,20.000000
652,645,18,20,20.000000
652,645,9,11,20.000000
652,652,9,10,20.000000
652,653,4,7,20.000000
653,107,4,5,20.000000
653,107,7,8,20.000000
653,646,10,13,20.000000
653,646,12,15,20.000000
653,646,15,18,20.000000
653,646,19,22,20.000000
653,646,9,12,20.000000
653,652,1,4,20.000000
653,653,2,3,20.000000
653,653,3,4,20.000000
653,653,9,10,20.000000
653,655,4,7,20.000000
654,108,5,6,20.000000
654,108,7,8,20.000000
654,452,1,2,20.000000
654,452,10,11,20.000000
654,452,12,13,20.000000
654,452,15,16,20.000000
654,452,2,3,20.000000
654,452,9,10,20.000000
654,654,9,10,20.000000
655,109,1,2,20.000000
655,109,7,8,20.000000
655,451,9,10,20.000000
655,650,2,5,20.000000
655,650,4,7,20.000000
655,653,12,15,20.000000
655,653,16,19,20.000000
655,653,9,12,20.000000
656,110,4,5,20.000000
656,110,7,8,20.000000
656,579,1,4,20.000000
656,579,10,13,20.000000
656,579,11,14,20.000000
656,579,12,15,20.000000
656,579,18,21,20.000000
656,579,21,24,20.000000
656,579,9,12,20.000000
656,656,9,10,20.000000
656,660,2,4,20.000000
657,111,6,7,20.000000
657,111,7,8,20.000000
657,647,10,12,20.000000
657,647,12,14,20.000000
657,647,13,15,20.000000
657,647,15,17,20.000000
657,647,18,20,20.000000
657,647,9,11,20.000000
657,656,1,4,20.000000
657,656,4,7,20.000000
657,657,2,3,20.000000
657,657,3,4,20.000000
657,657,9,10,20.000000
658,112,4,5,20.000000
658,656,15,18,20.000000
658,656,18,21,20.000000
658,656,9,12,20.000000
658,659,1,4,20.000000
658,661,2,4,20.000000
659,113,1,2,20.000000
659,113,7,8,20.000000
659,654,2,5,20.000000
659,654,4,7,20.000000
659,657,10,13,20.000000
659,657,12,15,20.000000
659,657,15,18,20.000000
659,657,9,12,20.000000
659,659,9,10,20.000000
66,612,8,9,20.000000
66,66,6,7,20.000000
66,66,7,8,20.000000
660,114,4,5,20.000000
660,114,7,8,20.000000
660,582,1,5,20.000000
660,582,12,16,20.000000
660,582,9,13,20.000000
660,656,9,11,20.000000
660,661,4,7,20.000000
660,902,2,5,20.000000
661,115,7,8,20.000000
661,512,2,3,20.000000
661,660,1,4,20.000000
661,660,4,7,20.000000
661,660,9,12,20.000000
662,116,4,5,20.000000
662,449,1,4,20.000000
662,654,12,15,20.000000
662,654,9,12,20.000000
662,664,2,5,20.000000
663,117,5,6,20.000000
663,655,1,4,20.000000
663,655,13,16,20.000000
663,655,9,12,20.000000
663,665,2,5,20.000000
663,841,4,7,20.000000
664,118,5,6,20.000000
664,662,1,4,20.000000
664,662,9,12,20.000000
664,669,2,5,20.000000
665,119,5,6,20.000000
665,663,1,4,20.000000
665,663,10,13,20.000000
665,665,9,10,20.000000
665,843,2,5,20.000000
666,120,4,5,20.000000
666,510,1,3,20.000000
666,510,12,14,20.000000
666,510,15,17,20.000000
666,521,9,10,20.000000
666,668,2,5,20.000000
667,121,1,2,20.000000
667,509,12,14,20.000000
667,509,4,6,20.000000
667,509,9,11,20.000000
667,667,2,3,20.000000
667,667,3,4,20.000000
668,122,5,6,20.000000
668,666,1,4,20.000000
668,666,12,15,20.000000
668,666,9,12,20.000000
668,850,2,5,20.000000
669,123,5,6,20.000000
669,667,9,12,20.000000
67,613,8,9,20.000000
67,67,6,7,20.000000
67,67,7,8,20.000000
670,124,6,7,20.000000
670,512,9,12,20.000000
671,125,7,8,20.000000
671,671,10,11,20.000000
671,671,9,10,20.000000
671,676,11,14,20.000000
671,676,4,7,20.000000
675,129,5,6,20.000000
675,404,12,14,20.000000
675,404,17,19,20.000000
675,404,9,11,20.000000
676,130,7,8,20.000000
676,675,14,17,20.000000
676,675,9,12,20.000000
679,133,5,6,20.000000
679,679,9,10,20.000000
679,681,10,13,20.000000
679,681,15,18,20.000000
679,681,17,20,20.000000
679,681,23,26,20.000000
679,681,4,7,20.000000
68,614,8,9,20.000000
68,68,7,8,20.000000
680,134,7,8,20.000000
680,488,26,28,20.000000
680,488,4,6,20.000000
680,611,9,12,20.000000
680,679,13,15,20.000000
680,679,15,17,20.000000
680,679,21,23,20.000000
681,135,7,8,20.000000
681,487,13,15,20.000000
681,487,27,29,20.000000
681,487,37,39,20.000000
681,487,38,40,20.000000
681,623,18,21,20.000000
681,623,19,22,20.000000
681,623,20,23,20.000000
681,623,25,28,20.000000
681,623,26,29,20.000000
681,623,9,12,20.000000
682,136,7,8,20.000000
682,487,9,11,20.000000
682,488,31,32,20.000000
69,615,8,9,20.000000
69,69,7,8,20.000000
691,145,5,6,20.000000
691,486,9,10,20.000000
691,681,24,27,20.000000
691,681,34,37,20.000000
691,681,35,38,20.000000
692,682,28,31,20.000000
693,147,7,8,20.000000
693,479,9,10,20.000000
693,483,12,13,20.000000
694,692,25,28,20.000000
7,553,8,9,20.000000
7,7,3,4,20.000000
7,7,4,5,20.000000
7,7,5,6,20.000000
7,7,6,7,20.000000
7,7,7,8,20.000000
70,616,8,9,20.000000
70,70,7,8,20.000000
703,157,6,7,20.000000
703,157,7,8,20.000000
703,478,12,13,20.000000
703,478,9,10,20.000000
703,693,4,7,20.000000
703,693,9,12,20.000000
704,539,22,24,20.000000
705,159,7,8,20.000000
705,703,9,12,20.000000
706,704,19,22,20.000000
707,161,5,6,20.000000
707,475,15,16,20.000000
707,476,12,13,20.000000
707,476,18,19,20.000000
707,476,4,5,20.000000
707,476,9,10,20.000000
71,617,8,9,20.000000
71,71,6,7,20.000000
71,71,7,8,20.000000
72,618,8,9,20.000000
72,72,7,8,20.000000
73,619,8,9,20.000000
73,73,4,5,20.000000
73,73,5,6,20.000000
73,73,6,7,20.000000
73,73,7,8,20.000000
74,620,8,9,20.000000
74,74,6,7,20.000000
74,74,7,8,20.000000
75,621,8,9,20.000000
75,75,2,3,20.000000
75,75,3,4,20.000000
75,75,4,5,20.000000
75,75,5,6,20.000000
75,75,6,7,20.000000
75,75,7,8,20.000000
76,622,8,9,20.000000
76,76,5,6,20.000000
76,76,6,7,20.000000
76,76,7,8,20.000000
77,623,8,9,20.000000
775,425,12,13,20.000000
776,230,5,6,20.000000
776,775,9,12,20.000000
778,232,6,7,20.000000
778,778,9,10,20.000000
778,779,10,13,20.000000
779,425,13,15,20.000000
78,624,8,9,20.000000
78,78,6,7,20.000000
78,78,7,8,20.000000
79,625,8,9,20.000000
79,79,4,5,20.000000
79,79,5,6,20.000000
79,79,6,7,20.000000
79,79,7,8,20.000000
8,554,8,9,20.000000
8,8,7,8,20.000000
80,626,8,9,20.000000
80,80,5,6,20.000000
80,80,6,7,20.000000
80,80,7,8,20.000000
81,627,8,9,20.000000
81,81,2,3,20.000000
81,81,3,4,20.000000
81,81,4,5,20.000000
81,81,5,6,20.000000
81,81,6,7,20.000000
81,81,7,8,20.000000
82,628,8,9,20.000000
82,82,3,4,20.000000
82,82,4,5,20.000000
82,82,5,6,20.000000
82,82,6,7,20.000000
82,82,7,8,20.000000
825,279,7,8,20.000000
825,638,12,15,20.000000
825,638,9,12,20.000000
827,281,5,6,20.000000
827,825,9,12,20.000000
83,629,8,9,20.000000
83,83,5,6,20.000000
83,83,6,7,20.000000
83,83,7,8,20.000000
84,630,8,9,20.000000
84,84,4,5,20.000000
84,84,5,6,20.000000
84,84,6,7,20.000000
84,84,7,8,20.000000
841,295,7,8,20.000000
841,453,12,13,20.000000
841,453,9,10,20.000000
843,297,5,6,20.000000
843,841,9,12,20.000000
85,631,8,9,20.000000
85,85,4,5,20.000000
85,85,5,6,20.000000
85,85,6,7,20.000000
85,85,7,8,20.000000
850,304,5,6,20.000000
850,668,9,12,20.000000
86,632,8,9,20.000000
86,86,3,4,20.000000
86,86,4,5,20.000000
86,86,5,6,20.000000
86,86,6,7,20.000000
86,86,7,8,20.000000
87,633,8,9,20.000000
87,87,5,6,20.000000
87,87,6,7,20.000000
87,87,7,8,20.000000
88,634,8,9,20.000000
88,88,2,3,20.000000
88,88,3,4,20.000000
88,88,4,5,20.000000
88,88,5,6,20.000000
88,88,6,7,20.000000
88,88,7,8,20.000000
89,635,8,9,20.000000
89,89,5,6,20.000000
89,89,6,7,20.000000
89,89,7,8,20.000000
9,555,8,9,20.000000
9,9,6,7,20.000000
9,9,7,8,20.000000
90,636,8,9,20.000000
90,90,7,8,20.000000
902,356,5,6,20.000000
902,541,9,13,20.000000
91,637,8,9,20.000000
91,91,6,7,20.000000
91,91,7,8,20.000000
92,638,8,9,20.000000
93,639,8,9,20.000000
93,93,5,6,20.000000
93,93,6,7,20.000000
93,93,7,8,20.000000
94,640,8,9,20.000000
95,641,8,9,20.000000
95,95,5,6,20.000000
95,95,6,7,20.000000
95,95,7,8,20.000000
96,642,8,9,20.000000
97,643,8,9,20.000000
97,97,2,3,20.000000
97,97,3,4,20.000000
97,97,4,5,20.000000
97,97,5,6,20.000000
97,97,6,7,20.000000
97,97,7,8,20.000000
98,644,8,9,20.000000
98,98,5,6,20.000000
98,98,6,7,20.000000
98,98,7,8,20.000000
99,645,8,9,20.000000
99,99,5,6,20.000000
99,99,6,7,20.000000
99,99,7,8,20.000000
