pax_id,agent_index
1,73;191;
2,51;123;
3,71;135;
4,11;133;
5,16;136;
6,13;69;
7,0;72;128;
8,3;65;187;
9,6;67;197;
10,1;5;75;125;199;
11,8;79;200;
12,4;84;
13,14;132;208;
14,2;83;
15,12;126;
16,18;134;
17,17;124;
18,21;137;
19,22;139;
20,19;141;
21,20;138;
22,27;140;
23,26;142;
24,25;144;
25,29;146;
26,28;147;
27,33;148;
28,30;143;
29,34;149;
30,90;152;
31,32;150;
32,97;154;
33,109;157;
34,98;153;
35,35;156;
36,113;
37,158;190;
38,163;
39,160;
40,161;
41,61;179;
42,159;
43,38;
44,39;
45,43;167;
46,40;
47,169;
48,164;
49,47;
50,45;
51,168;
52,173;196;
53,170;194;
54,175;
55,178;
56,54;
57,176;
58,41;180;
59,37;
60,55;182;
61,53;
62,57;184;
63,58;162;
64,59;186;
65,60;
66,44;171;
67,42;166;
68,48;129;
69,49;183;
70,50;192;
71,46;174;
72,52;193;
73,70;127;
74,122;
75,74;195;
76,36;66;188;
77,78;
78,9;76;198;
79,7;68;189;
80,77;130;
81,80;203;
82,24;202;
83,81;205;
84,10;131;
85,15;89;
86,82;204;
87,85;
88,87;206;
89,93;211;
90,23;145;
91,31;151;
92,212;
93,94;213;
94,102;
95,99;218;
96,104;
97,96;155;
98,92;209;
99,100;215;
100,95;216;
101,105;217;
102,103;222;
103,214;
104,116;227;
105,221;
106,106;219;
107,101;224;
108,111;231;
109,108;225;
110,110;229;
111,107;226;
112,119;
113,112;239;
114,114;230;
115,228;
116,117;
117,115;
118,234;
119,235;
120,121;
121,120;
122,238;
123,236;
124,233;
125,56;
129,181;
130,177;
133,185;
134,62;
135,63;
136,64;
145,201;
147,86;
157,88;207;
159,91;
161,210;
230,165;
232,172;
279,220;
281,223;
295,118;
297,237;
304,240;
356,232;
775,311;
776,291;435;
777,293;434;
778,314;412;
779,292;432;
780,309;413;
781,289;431;
782,365;429;
783,304;426;
784,306;397;
785,308;438;
786,313;
787,248;442;
788,310;430;
789,312;439;
790,269;444;
791,254;315;
792,242;379;
793,241;
794,367;383;
795,246;
796,243;375;
797,245;374;
798,252;324;
799,250;320;
800,251;258;346;378;
801,255;330;
802,265;377;
803,257;380;
804,253;259;325;333;386;453;
805,256;261;381;
806,262;276;385;460;
807,266;391;
808,267;384;
809,268;390;
810,271;395;
811,371;
815,398;
816,422;
817,405;
818,402;
819,279;
820,400;
821,404;
822,399;
823,403;
824,401;
825,409;
826,407;
827,408;
830,425;
832,278;
833,419;
834,280;
835,295;
836,299;
837,294;
838,284;
839,282;
840,303;
841,281;
842,287;288;
843,283;
844,376;
845,302;
846,366;
847,368;
848,363;
849,364;
850,285;
851,370;427;
852,307;433;
853,290;
854,369;436;
855,277;428;
856,249;437;
857,316;
858,319;
859,244;373;
860,318;321;
861,317;
862,272;323;
863,338;445;
864,247;372;
865,263;322;382;
866,449;
867,326;392;
868,327;
869,329;
870,336;
871,260;328;389;454;
872,264;334;394;
873,274;388;
874,273;393;
875,270;352;
876,332;
877,347;
878,345;
879,450;
880,335;451;
881,331;459;
882,339;462;
883,340;
884,275;362;
885,337;396;
886,341;461;
887,344;464;
888,348;
889,350;473;
890,349;
891,342;
892,357;
893,358;
894,354;
895,353;
896,463;
897,360;
898,355;
899,415;
901,414;
903,296;
904,297;
905,418;
906,416;
907,286;
908,301;
909,300;
910,298;
912,417;
915,420;
916,421;
919,424;
920,305;
921,440;
922,441;
931,387;
932,446;
933,443;
934,447;
935,343;
1003,406;
1004,423;
1005,411;
1006,410;
1053,452;
1054,456;
1055,455;
1056,458;
1065,469;
1066,448;
1069,356;
1070,359;
1071,457;
1072,471;
1077,468;
1078,361;
1079,465;
1080,472;
1081,470;
1082,474;
1130,351;
1131,466;
1133,467;
1549,502;
1550,495;616;
1551,501;665;
1552,497;619;
1553,503;623;
1554,492;615;
1555,498;611;
1556,488;564;
1557,494;558;
1558,496;609;
1559,549;618;
1560,554;
1561,563;
1562,505;617;
1563,509;624;
1564,559;677;
1565,508;
1566,571;
1567,510;
1568,572;
1569,562;
1570,614;632;
1571,573;681;
1572,575;
1573,574;
1574,582;
1575,581;691;
1576,580;
1577,585;692;
1578,584;693;
1579,586;688;
1580,590;694;
1581,595;
1582,594;700;
1583,589;
1584,625;
1585,537;606;
1586,645;
1587,533;
1588,531;
1589,529;
1590,534;
1591,483;538;
1592,513;649;
1593,511;532;605;
1594,515;634;
1595,481;526;657;
1596,482;518;639;
1597,476;520;633;
1598,475;480;516;536;637;648;654;
1599,540;599;
1600,544;613;
1601,489;598;
1602,646;
1603,650;
1606,535;
1607,543;
1608,550;
1609,647;
1610,512;604;
1611,519;651;
1612,521;602;
1613,528;
1614,477;517;600;
1615,484;525;655;
1616,478;557;
1617,486;597;
1618,487;601;
1619,479;541;
1620,493;608;
1621,485;545;
1622,546;656;
1623,548;659;
1624,490;603;
1625,499;607;
1626,500;610;
1627,491;612;
1628,504;670;
1629,553;664;
1630,506;
1631,566;
1632,560;678;
1633,567;628;
1634,576;682;
1635,570;
1636,577;
1637,578;685;
1638,507;675;
1639,583;689;
1640,672;
1641,579;
1642,626;
1643,627;
1644,671;
1645,588;
1646,587;697;
1647,592;
1648,591;699;
1649,596;
1650,593;
1651,679;
1652,687;
1653,696;
1654,620;
1655,629;
1656,695;
1657,686;
1658,631;
1659,630;
1660,701;
1661,698;
1662,690;
1665,702;
1677,551;
1679,653;
1680,658;
1681,530;
1682,547;
1683,552;
1684,555;
1689,660;
1690,661;
1691,662;
1692,663;
1693,561;
1694,556;
1695,565;
1696,568;
1701,667;
1703,669;
1705,569;
1706,621;
1707,622;
1708,668;683;
1709,666;
1768,642;
1769,641;
1771,638;
1773,539;
1774,644;
1775,527;
1776,652;
1777,514;635;
1778,524;636;
1779,542;
1780,522;640;
1781,523;643;
1815,674;
1817,673;
1827,676;
1828,680;
1829,684;
2324,752;
2325,726;780;
2326,729;882;
2327,720;766;
2328,724;839;
2329,723;762;
2330,704;749;800;
2331,707;825;
2332,705;743;836;
2333,703;708;745;785;833;834;886;889;
2334,711;736;880;
2335,715;828;
2336,717;770;
2337,713;731;881;
2338,722;793;
2339,730;849;
2340,732;799;
2341,738;854;
2342,772;905;
2343,728;812;
2344,734;851;
2345,776;814;
2346,774;815;
2347,737;897;
2348,779;819;
2349,788;822;
2350,781;908;
2351,777;909;
2352,789;914;
2353,796;911;
2354,792;916;
2355,806;918;
2356,818;
2357,808;921;
2358,801;
2359,824;
2360,746;885;
2362,875;
2364,864;
2366,754;
2367,862;
2368,740;
2369,856;
2370,830;
2371,855;
2372,761;
2373,751;
2374,829;
2375,765;
2376,768;
2381,773;
2382,873;
2383,859;
2384,870;
2385,759;
2386,858;
2387,747;871;
2388,757;
2389,741;877;
2390,742;867;
2391,719;827;
2392,739;866;
2393,753;
2394,725;887;
2395,727;879;
2396,721;874;
2397,764;
2398,755;
2399,716;744;
2400,710;832;
2401,706;748;861;893;
2402,709;760;
2403,712;775;
2404,750;878;
2405,733;846;
2406,771;850;
2407,714;826;
2408,718;835;
2409,782;894;
2410,790;898;
2411,794;904;
2412,803;
2413,735;805;
2414,784;901;
2415,848;
2416,807;912;
2417,813;
2418,816;
2419,843;
2420,804;919;
2421,797;917;
2422,817;
2423,810;
2424,821;
2425,823;
2426,899;
2427,903;
2429,837;
2430,820;
2431,845;
2432,844;
2433,840;
2434,838;
2435,852;
2436,847;
2437,841;
2438,853;
2439,895;
2440,907;
2443,913;
2444,915;
2447,920;
2452,783;
2454,778;
2456,769;
2457,763;
2458,758;872;
2459,756;
2464,791;
2465,883;
2466,876;
2468,767;890;
2469,787;
2470,786;902;
2471,795;
2476,884;
2477,888;
2478,896;
2479,892;
2480,802;
2481,798;
2482,809;
2483,842;
2484,811;
2544,869;
2550,865;
2552,860;
2553,868;
2554,857;
2555,831;
2556,863;
2590,891;
2602,900;
2603,906;
2679,910;
3098,992;
3099,995;
3100,974;
3101,981;
3102,969;
3103,980;
3104,965;
3105,983;
3106,975;1071;
3107,963;1042;
3108,939;979;
3109,944;1024;
3110,926;968;
3111,967;
3112,964;1074;
3113,942;1055;
3114,955;1045;
3115,950;1070;
3116,947;1110;
3117,934;966;1093;
3118,952;1029;
3119,945;1075;
3120,940;1038;
3121,932;970;1089;
3122,925;948;985;1096;1099;
3123,931;1031;
3124,937;1113;
3125,973;1115;
3126,991;
3127,935;1035;
3128,954;1117;
3129,957;
3130,1008;
3131,1004;
3132,996;
3133,1021;
3134,1052;
3142,1076;
3144,1092;
3146,1068;
3147,1072;
3149,1064;
3150,1086;
3157,1088;
3159,1085;
3160,1091;
3161,1067;
3162,1073;
3163,1061;
3164,1066;
3165,1001;
3166,1046;
3167,1044;
3168,1051;
3169,1040;
3170,1005;
3171,1048;
3172,988;
3173,976;1063;
3174,960;
3175,949;1049;
3176,987;
3177,962;1015;
3178,972;1080;
3179,928;1003;
3180,958;1011;
3181,936;1019;
3182,923;938;989;1023;
3183,924;941;1030;1058;
3184,929;998;
3185,933;1007;1094;
3186,943;1025;
3187,922;927;956;993;1041;1050;1090;1095;
3188,930;994;1054;
3189,1002;
3190,951;1059;
3191,997;
3192,1000;
3193,1018;
3194,953;
3195,946;1101;
3196,1010;
3197,999;
3198,1013;
3199,1020;
3200,1032;
3201,1036;
3202,1100;
3203,1016;
3204,1012;
3205,1039;
3206,1033;
3207,1027;
3208,1017;
3209,1037;
3210,1053;
3211,1034;
3212,1107;
3213,1105;
3214,1104;
3217,1112;
3218,1114;
3226,1079;
3228,1069;
3230,1043;
3231,1065;
3232,959;
3233,1060;
3238,1062;
3239,1081;
3240,1047;
3241,1077;
3242,978;1084;
3243,961;
3244,971;1056;
3245,1009;1087;
3250,1014;
3251,1078;
3252,1022;
3253,1102;
3254,982;1082;
3255,977;1083;
3256,990;
3257,984;
3258,986;
3364,1026;
3365,1098;
3366,1097;
3367,1103;
3376,1006;
3377,1028;
3378,1057;
3379,1108;
3388,1106;
3392,1111;
3393,1116;
3453,1109;
4259,1188;1245;
4260,1170;1283;
4261,1169;1282;
4262,1186;1243;
4263,1136;1257;
4264,1166;1295;
4265,1185;1239;
4266,1167;1291;
4267,1181;1270;
4268,1183;1293;
4269,1125;1192;1302;
4270,1119;1240;
4271,1121;1193;1242;1249;
4272,1126;1187;1297;
4273,1123;1241;
4274,1124;1199;1260;
4275,1118;1238;
4276,1131;1254;
4277,1133;1258;
4278,1122;1128;1197;1205;1248;1308;
4279,1120;1200;1251;
4280,1134;1252;
4281,1132;1212;
4282,1130;1201;1253;
4283,1137;1204;1309;
4284,1135;1256;1318;
4285,1138;1255;
4286,1144;1261;
4287,1145;1264;
4288,1139;1265;
4289,1146;1262;1321;
4290,1150;1225;
4291,1152;1267;
4292,1151;1229;
4293,1149;1266;
4294,1216;1268;
4301,1156;
4303,1158;1272;
4304,1271;
4305,1281;
4306,1274;
4307,1275;
4308,1273;
4309,1278;
4310,1279;
4311,1280;
4316,1155;1157;1171;
4318,1172;1174;
4320,1161;
4321,1159;
4322,1173;1288;
4323,1176;
4324,1177;
4325,1163;1276;
4326,1165;1292;
4327,1160;1287;
4328,1244;
4329,1277;
4330,1168;1299;
4331,1164;1300;
4332,1190;1298;
4333,1189;
4334,1162;1289;
4335,1182;1294;
4336,1154;1304;
4337,1184;1296;
4338,1191;1246;
4339,1301;
4340,1142;1303;
4341,1196;1310;
4342,1194;1250;
4343,1127;1195;1247;1305;
4344,1141;1307;
4345,1198;
4346,1143;1263;
4347,1203;1314;
4348,1129;1213;1311;
4349,1140;1259;1320;
4350,1218;
4351,1206;1315;
4352,1207;1323;
4353,1209;1319;
4354,1215;
4355,1148;1226;
4356,1147;1221;
4357,1153;1326;
4358,1210;1317;
4359,1214;1236;
4360,1316;1327;
4361,1324;
4362,1232;
4364,1219;1329;
4365,1217;
4366,1224;
4367,1220;1234;
4368,1223;
4369,1222;
4370,1230;
4371,1228;
4372,1227;
4373,1235;
4374,1231;
4375,1233;
4378,1237;
4379,1328;
4387,1284;
4389,1285;
4390,1286;
4391,1175;1290;
4392,1178;
4393,1179;
4394,1180;
4405,1306;
4415,1202;
4417,1208;1313;
4418,1312;
4419,1211;
4537,1322;
4539,1325;
4614,1269;
5040,1345;
5041,1340;
5069,1407;
5070,1351;1368;1435;
5071,1350;1373;1431;
5072,1349;1353;1411;1415;
5073,1354;1370;1439;
5074,1352;1366;1417;1436;
5075,1360;1420;1447;
5076,1356;1419;1441;
5077,1337;1404;1409;
5078,1358;1438;
5079,1383;1424;
5080,1363;
5081,1333;1399;
5082,1348;1406;
5083,1385;1398;
5085,1386;1446;
5086,1371;
5087,1369;
5088,1376;
5089,1428;
5090,1361;1378;
5091,1367;1434;
5092,1375;1433;
5093,1380;1437;
5094,1338;1382;1443;
5095,1359;1387;
5096,1335;1384;1445;
5097,1377;1390;
5098,1331;1401;
5099,1339;1402;1444;1450;
5100,1334;1343;1408;
5101,1330;1391;1403;
5103,1336;1400;
5105,1346;
5108,1332;1344;1396;
5109,1342;
5111,1347;
5161,1388;1448;
5162,1432;
5165,1379;1405;
5166,1392;1440;
5167,1341;1395;
5168,1389;1449;
5173,1394;1451;
5175,1397;
5178,1393;
5196,1427;
5198,1429;
5202,1372;
5254,1365;1426;
5255,1416;
5256,1410;
5257,1355;1413;
5258,1357;1412;1430;
5259,1422;
5260,1418;
5261,1362;1421;
5262,1374;
5263,1423;
5264,1381;1442;
5265,1364;1425;
5294,1414;
5821,1470;
5823,1472;
5825,1479;1480;
5881,1510;
5883,1491;1565;
5885,1494;1568;
5887,1486;1562;1567;
5889,1489;1563;
5891,1571;1577;
5893,1499;1569;
5895,1498;1570;
5897,1493;1550;
5901,1576;
5903,1546;
5905,1465;1555;
5913,1503;
5915,1506;
5917,1492;1572;
5919,1504;
5921,1483;1488;1517;1559;
5923,1487;1513;
5925,1459;1484;1496;1508;1549;1564;1573;
5927,1485;1490;1561;1575;
5929,1453;1547;
5931,1495;1519;1574;
5933,1452;1516;1548;
5935,1457;1502;1524;1551;
5937,1466;1554;
5939,1455;1542;
5941,1467;1544;
5943,1463;1521;1556;
5947,1469;1557;
5951,1536;
5957,1456;1543;
5959,1468;1520;
5961,1473;1481;
5963,1474;
5965,1478;
5967,1477;1537;
6055,1507;
6059,1523;
6063,1460;1501;1514;1578;
6065,1500;1560;
6067,1505;1525;1581;
6069,1509;1527;
6071,1462;1518;1553;1584;
6073,1461;1512;1579;
6075,1454;1535;1545;
6077,1458;1533;1585;
6083,1583;
6087,1511;1530;
6089,1526;1580;
6091,1529;1531;
6093,1528;1582;
6095,1471;1540;1558;
6097,1464;1552;
6099,1475;1541;
6101,1522;1539;
6111,1532;
6113,1538;
6115,1476;
6119,1482;
6121,1534;
6255,1497;
6257,1566;
6265,1515;
6968,1636;
6969,1660;
6970,1628;
6971,1633;
6972,1626;
6973,1596;
6974,1599;1646;
6975,1590;1643;1686;
6976,1593;1629;
6977,1595;1620;1669;1694;
6978,1614;1689;
6979,1615;1652;
6980,1597;1667;
6981,1630;1693;
6982,1632;1692;
6983,1635;
6984,1678;
6986,1618;1676;
6987,1638;1682;
6990,1653;1680;
6991,1619;1674;1683;
6992,1659;
6996,1671;
7003,1639;
7030,1697;
7032,1625;
7033,1699;
7034,1606;
7035,1623;1695;
7037,1701;
7039,1609;
7042,1603;1648;
7043,1592;1634;1688;
7044,1588;1604;1645;1690;1702;
7045,1601;1644;
7046,1586;1591;1622;1637;1654;1661;1675;1685;
7047,1589;1607;1631;1666;
7048,1594;1617;1649;1677;1704;
7049,1600;1656;
7050,1587;1612;1647;1655;1687;1691;1703;
7051,1610;1651;1679;
7052,1613;1658;1684;
7053,1611;1670;
7054,1621;
7055,1665;
7056,1602;1672;
7057,1657;1681;
7059,1668;
7099,1640;
7100,1650;
7101,1605;1664;
7102,1642;
7107,1696;
7111,1598;1641;1700;
7112,1624;1698;
7113,1608;1662;
7114,1627;
7123,1616;
7124,1663;
7125,1673;
7765,1712;1745;
7766,1723;1753;
7770,1722;1746;
7771,1730;1754;
7772,1719;1756;
7773,1728;1772;
7774,1733;1758;
7776,1735;
7826,1725;
7828,1716;1750;
7829,1718;1747;
7830,1742;1743;
7831,1711;1744;1757;
7832,1774;
7833,1710;1741;1752;
7834,1714;1748;
7835,1708;1721;1759;1762;1783;
7836,1720;1769;
7837,1717;1755;
7838,1705;1729;1749;1751;1778;
7839,1707;1727;1764;1766;1773;1788;
7840,1706;1709;1731;1739;1760;1765;1767;1768;1781;1785;1786;
7841,1724;1770;
7842,1726;1761;1784;
7843,1736;
7844,1737;
7846,1715;1740;1776;
7847,1713;1732;1763;1779;1787;
7848,1738;1780;
7849,1734;1777;
7851,1771;1775;
7857,1782;
